,clean_tweets
0,gue mah fokus simpul tolak dukung ruu pks kalo tolak okay skip tulis ranah gue biar expert aja nilai httpstcofnxooblq
1,anggota baleg fpks urgensi terus ruu hip httpstcolsdwxxvapr fpksdprri pakmul semangatbarupks pkspelayanrakyat bersamamelayanirakyat
2,elpanjullo rahayusaraswati nongandah tsamaradki daranasution kokokdirgantoro tolak ruu pks takut hrs jerat pakai pasal ruu sah
3,dikaagustianna bemunila dr smua jd tau org macem yg tolak ruu pks n pintar n bs percaya mrk
4,ruu pks solusi pks solusi httpstcoyacalwstc
5,rahayu saraswati ruu pks isu perempuan cakep bats dah nyata mpok rahayusaraswati ruu pks aye dukung kesah ruu pks sahkanruupks nongandah tsamaradki daranasution kokokdirgantoro httpstcobcwoibbi
6,moga ruu pks sah
7,edbertyazawa petanihalu halo kak ruu pks sah mari bersamasama desak ketua dpr ri puan maharani ruu pks masuk daftar prolegnas prioritas amp sah suara desa httpstcoetuwjlid lupa disebarluaskan dukung ruu pks ya kak
8,wildaks halo kak ruu pks sah mari bersamasama desak ketua dpr ri puan maharani ruu pks masuk daftar prolegnas prioritas amp sah suara desa httpstcoetuwjlid lupa disebarluaskan dukung ruu pks ya kak
9,memekriot mikenotmarx halo kak ruu pks sah mari bersamasama desak ketua dpr ri puan maharani ruu pks masuk daftar prolegnas prioritas amp sah suara desa httpstcoetuwjdjpn lupa disebarluaskan dukung ruu pks ya kak
10,mikenotmarx emang ruu pks hukum kasih laku
11,gw tau konsekuensi ruu pks langgeng keras geser mana derajat keras bener kurang yg kurang ks geser keras gw hitung n httpstcoqckgizivj
12,mikenotmarx ruu pks pake prinsip transformatif justice
13,obfusticated pendek sederhana gitu ya kesah ruu pks bener dpr twit kasih jelas kalo males baca paham ya gpp
14,ruu pks yg konfliktual tj de facto kuat negara elemen udah uu membelejeti kuat pelan sistem yg patriarkal guncang teori relasi kuasa gender uji n httpstcooazwzye
15,baiq ak dalam ruu pks
16,dikaagustianna bemunila pikir bem unila kritisi ruu pks transformatif apa halhal substansial ekspektasiku tinggi
17,nomor ga jelas ruu pks dukung liberalisasi hak seksual nomor ambiguitas ga dijelasin gimanagimananya hasrat seksual ujug bold ga tau maksud nomor emg ruu pks udh kaji sih asas buka httpstcotuglitir
18,pks desak ruu hip masuk prolegnas httpstconsupnliz httpstcoaveywbi
19,amnesty desak ruu pks masuk prolegnas prioritas httpstcoervunosw
20,normalizeevery normalize tolak ruu pks
21,tatangila dcndranthcma kishinokiss fandom activism bawah reply suruh aktivisme gera tolak ruu pks
22,ruu pks isu perempuan tuntut desak bon httpstcordhgkvkpr
23,alas bem tolak ruu pks sumpah kepo bangsat
24,pks tolak ruu pks
25,marak ya bem nolak ruu pks pake argumenargumen mutu
26,gak peduli isi ruu pks bumi datar bukti valid sunda empire kek metode cacat sumber literaturnya kredibel layak publikasi malu ditake down
27,txtdrpemerintah ruu pks
28,bem yg gabung si yg kasih sikap tolak ruu pks yak intruksi ya salammm httpstcoypnvzeuc
29,maxbooc kapantau ngotot banget nolak ruu pks tuh bem unand jd curiga isi orang yg suka alias laku
30,bem universitas andalas tolak ruu pks masuk prolegnas httpstcozyvhhyyid
31,ruu tahan keluarga dikeluarin prolegnas huehue meanwhile ruu pks masuk
32,haloo urus bemunila wabil khusus kastratnya kali undang kaji online bahas ruu pks bareng kastrat gue httpstcoxphuzhqce
33,biar gw mana gw dukung sahkanruupenghapusankekerasanseksual bisa gw aktif masuk narasi kampanye ruu pks jegal narasi tolak ruu pks n httpstcojzbymydg
34,bem nolak ruu pks m httpstcovocolxmzd
35,badan mahasiswa tolak ruu pks httpstcohbcuhtm
36,tp sumpah ya sih kontra ruu pks helloooo
37,bemkmunand jenius ruu ciptaker tolak eh sah ruu pks tolak eh moga sah
38,anggun jahat ruu pks sah gue
39,coba kupas aja yg dukung tolak dukung ruu pks jelas dukung tolak golput dukung si a si b aplagi anggap pasif n
40,ruu pks kaya hidupin gairah diskus buka ranah kampus ya liat kampus yg bem mahasiswa tentang sikap yuk kampus kaya seru ni diskursus debat internal
41,mayarahmanah muhammadiyah maksud gagal ruu pks biar si habib cabul bangga gak bs pidana
42,babystrong srireski muhammadiyah gagal ruu pks biar si habib cabul bangga gak bs pidana
43,httpstcozqoszpzw terima kasih rahayusaraswati
44,kaji yg tolak ruu pks tp kaji kecewa notulensi andal referensi trus nambahin ig youtube niat pgn mahamin yg nolak jd ngetawain
45,rahayusaraswati lakilaki kena ruu pks lindung
46,sorot salah bem kaji tolak ttng ruu pks kasi prihatin iba hujat
47,rahayu saraswati ruu pks isu perempuan ruu pks lindung korban keras seksual lakilaki httpstcoswwtrujxdl sahkanruupks rahayusaraswati tangseluntuksemua
48,this guy sampe rela dtg cm jatuhin srikandi amp feminism in general diksusi ruu pks sok bw dalil sorry langsung bantai sm bu aroma gak blass tp teriak karna pikir oke dasar kamseupay
49,tolak ruu pks dasar massa kampus doang responden ga nyampe are you even serious wtf aja sampel segitu dibandingin ratus juta org indo jarang ngalamin leceh seksual bosok
50,kelas bosenin parah nolak ruu pks dah
51,mikenotmarx heh sektarian luput analisa bias pribadi orang baca tempat posisi orang butuh ruu pks nyaman kali ya hak istimewa laki ngga korban keras seksual dst
52,pks tolak ruu hip masuk prolegnas prioritas httpstcokstdytuxx
53,rinjanijb rizkirmadani pksejahtera laen depanlaen munafik nama nya httpstcobuxgerrx
54,tubirfess cari alas utk tolak ruu pks website yg milik kaji yg kuat opini yg lontar this is not helping their case seriously
55,komnas perempuan desak dpr masuk ruu pks prolegnas httpstcoaujddhnqn
56,taevy ruu pks
57,pradsays yg w baca trit sih kaji bem unla ttg tolak ruu pks yg asal sumber ig metode gajelas responden gajelas ngawur gitu wkwkw baca aja mood bgt bikin ketawa
58,andeaannn cnnindonesia in this case fakultas gak nyata bem universitas islam andalas dukung ruu pks fh fisip fib fkm bidang relevant ruu kalo yg dukung ya fp fmipa httpstcocmatsnjsu
59,pks ruu hip masuk prolegnas temponasional httpstcoggblppjuv
60,ryfithhh cnnindonesia ngajak dosenahli hukum ga udah babibu liat ga paham ruu jgnkan seunand internal paling ga jalan teriak hidup perempuan indonesia nolak ruu pks dasar badut lo golong lo
61,sesuai website dpr ruu pks draft tanggal yg baru ken analisis isi
62,dikaagustianna whocareszzz reyhanf gua sesal aja kayak gitu antem ruu pks beda sikap silah ya mass gegara ruu pks beda sikap gabisa kerja bareng isu sepakat semangat dah yg libat langsung gera mahasiswa
63,whocareszzz reyhanf dikaagustianna mangkanya gua sayang aja kalo ruu pks gak suara isu uu ciptaker keluar gimana goals isu uu ciptaker tembus ya kalo gabisa gerak bareng btw kalo lanjutin twitwarnya tolong untag gua thanks
64,nabanmudrik chaerodi ferdinandhaean muhammadiyah yg tolak ruu pks mah kaum sembah baliho habib cabul
65,nabanmudrik ferdinandhaean nitrofoxit muhammadiyah udah kaji draft ruu pks
66,nana rajin ajar kalo ga rajin ajar kaya anak yg mengatasnamakan bem nolak ruu pks
67,dikaagustianna gua ga ambil dri pandang masyarakat luas ambil dri pandang netizen twitter aja lu tau sendiri klo bem unand bem unila dikick aliansi gegara ga dukung kesah ruu pks reformasidikorupsi pas omnibus law suara cont
68,whocareszzz reyhanf dikaagustianna lho gegara bem unila bem unand nolak ruu pks dikick aliansi yg nolak uu ciptaker isu ciptaker suara
69,memeeeell tggu ruu pks
70,presiden jokowi kah niat kesah ruu pks anggota dewan httpstcosroitvsl
71,perintah sahin ruu pks cegah warga cum ena httpstcorrhittdj
72,bacotpride mending sah in ruu pks ga si
73,dikaagustianna whocareszzz fmuchtar bom liat ya yg ngecancel bem unand bem yg tolak ruu pks udh liat jegal dpr ga sukses yaa gegara ga satu gin
74,nabanmudrik chaerodi muhammadiyah bilang ruu pks legalisasi zina tp bungkam si mrs yg bangga buat zina dgn fh
75,gak selesai ruu pks penganiyaan perkosa dilantarin
76,soetjenmarching ruu pks solusi masalah keras seksual bu kelompok mahasiswa tolak
77,say diskusi ruu pks f
78,whocareszzz fmuchtar wkwkkw bem yg nolak ruu pks ngga nih klo ngga ya gapapa ga generalisir gimana publik netizen twitter dah tau klo gera reformasidikorupsi mositidakpercaya kacau gagal total
79,uncleboydred bodoamat ya tolak ruu pks dr kammi badan event emang gajelas baris
80,bemkmunand ruu pks solusi bem km unand debat argumen solusi mahasiswa tu gitu klo cm koar kritik dema demo ga mah mahatolol nama
81,nabanmudrik muhammadiyah tulis artikel yg km kirim baca bahas draft ruu pks bawa korban keras seksual tp bahas isi ruu pks nya
82,kemaren gue cerita sm salah bos gue nanya gue dukung ruu pks gue iya gue jelasin bilang kalo org kayak gue rare sorowako
83,bemkmunand astagfirullah segar pks sih alas tolak ruu tau
84,tubirfess nolak ruu pks aja udah bikin gue hah heh hoh tambah daftar pustaka dr ig
85,tubirfess segabut sahin ruu pks ruu yg bahas ruu pks dri taun ga bahas bahas
86,rizkydarwan aksilangsung yg ruu pks anggota dpr anggota dpr asal mas
87,cnnindonesia tolak ruu pks bem km unand bem km unand wakil mahasiswa unand golong httpstcodgvmlfmy
88,lailahanifah weird bangettt reply nya banyak gak dukung ruu pks gak satu komen positif
89,dnurmansyah sulit gak kuasa gak kerja aja kalo ruu pks sah dpr masuk penjara gara ngelakuin larang undangundang
90,nm fhua sikap ruu pks sah dprri program legislasi nasional prolegnas
91,konsisten pandang kesah ruu pks desak krisis keras seksual bahaya perempuan anak umur indonesia
92,nm fhua tentang sikap politik bemkmunand polemik kesah rancang undangundang hapus keras seksual ruu pks
93,urgentnya alas pks ruu hip masuk prolegnas httpstcousswrxw politik pks prolegnas ruu hip
94,dnurmansyah habisnyaaaa gitu banget ruu pks gak sah trus gak dibahasbahas bahas sulit ngebahas ruu
95,kompascom lindung data krusial prioritas lupa ruu pks hormat
96,chokedjuju angewwie rejekiayammm meiiiitha bemunila gak masalah tendensi dukung tolak ruu pks sih lucu banget kaji ilmiah loh wkwkwk
97,pks ruu hip masuk prolegnas httpstcovclajchln temponasional
98,dikaagustianna angewwie rejekiayammm meiiiitha bemunila ya gimana lazim kaji ilmiah sih kak ok ga ngedukung ruu pks tp pantes pake postingan instagram yg gapasti ya mahasiswa anak organisasi tau dapat yg gimana pake dasar yg logis jg
99,masuk cnn si bem bgzt httpstcoteuypq
100,in other hand paham sudut pandang author makna ruu pks klise turut serah masyarakat fokus sila lupa sila
101,udah ga ngerti pimpin jajar bemkmunand bobrok pikir tolak kesah ruu pks bobrok
102,muliawanramzy hariogb gak bem situ nolak ruu pks ya aowkaowkowk but on a serius notr tanggal reach yg tabrak sampe krengki keroyokan krn
103,pamangoberbebek oot gilak kaget lihat segitu orang nolak ruu pks emang dukung ruu tahan keluarga
104,dukung ruu pks percaya sistem pihak rakyat agitasi edukasi organisasi tiga mesti jalan bareng
105,yok yok ruu pks httpstcojfkqp
106,cari muka tabiat orang pks baby lobstes balik rempeyek httpstconcpuqudjw httpstcosngjvnphpm
107,bem kampus dah gila ya bem universitas andalas tolak ruu pks masuk prolegnas httpstcopjkotw
108,keratabasa anu ituloh perkara bem yg lg anget mnolak ruu pks
109,dukung mosi percaya tolak tuntut kesah ruu pks kalo kondisi penuh dibarengin support network rakyat perempuan lgbt sintas keras seksual
110,more thoughts on this ruu pks anda sah tuju gera perspektif abolisionis adil transformatif kondisi material yg sesuai abolisi httpstcorcaaxtd
111,bem universitas andalas tolak ruu pks masuk prolegnas httpstcowsimppsx
112,wanita perempuan jahat seksual yg berkalikali butuh ruu pks sah sahkanruupks sahkanruupenghapusankekerasanseksual petanihalu httpstcobkhneuaxhd httpstconijtcamk
113,pks urgensi terus ruu hip httpstcorhwcebmr
114,ya perempuan nolak ruu pks httpstcocarndriix
115,bingung aja perempuan yg nolak ruu pks httpstcoeqxuzdwp
116,dpr sahkan ruu pks
117,rofvania tp kaum sembah baliho habib mesum msh ngotot amp percaya hoax ruu pks
118,komnasperempuan yg percaya hoax ruu pks kaum sembah baliho habib mesum amp kitab suci fiksi
119,bem unand yg tolak ruu pks yg gue nntn bbrpa video anggota bem kaya salah arti tolak orang cabul yg tolak ruu pks video yg tulis hukum bbrpa istilah hukum salah ruu httpstcoxfnigdvddy
120,ruu pks aja yooook httpstcoykoylbrvk
121,pksejahtera gimana yg httpstcobilodcvr httpstcoeowqvhvce
122,kalo baca kaji liat kalo nolak ruu pks ruu dianggep amp kesalahankekurangan dorong perintah sahkan ruu biar dorong revisi kasih do nothing httpstcolhghzbf
123,tulis tanggap keliru argumenargumen bem km universitas andalas kait sikap tolak ruu pks argumen didebunk kemarinkemarin argumen salah posisi diskriminatif httpstcogpdumxftx
124,pks harap ruu hip masuk prolegnas httpstcothpnpaop
125,aksilangsung emg ruu pks pro korban wkwkw
126,evaluasi argumen bem km universitas andalas tolak ruu pks httpstcokrarwhywn ultimagz httpstcoaxcokgyq
127,txtdrpemerintah dpr tingkah bgt ya produk gagal caper si noh bahas ruu pks jingan
128,ga jabat anti negara getol banget nolak ruu pks
129,nolak mebuntut sah ruu pks pemuda jarang mandi bem isi organ cipayung
130,people be reading rape atricle and goes hukum indonesia buruk biar laku liar yet refuse to kesah ruu pks like whats not clicking to you httpstcowxyvxvc
131,komnas perempuan desak dpr masuk ruu pks prolegnas httpstcofcbhlggid
132,ruu pks gak nyambung kasih lindung korban kasi narasi konsen ya keras ya konsen
133,sebenernya gue bener speak up ttg bem unila emang eksplisit keluar nyata tolak ruu pks demo jg gue power aja untung gak gue yg kontra peryataan
134,hhhh bahas aja ruu pks sah kayak kerja banget sih lu bangsat ruu kelar bahas httpstcoygohsmvan
135,peachachuu nolak ruu pks
136,ruu pks gak ngelarang seks bebas coba ga eksplisit ditulisin larang ya ruu ngebahas ttg keras seksual ngentu suka suka irrelevant kalo nolak ruu pks dalih ruu legalin seks bebas which is not
137,sesal baca hasil kaji bem unila ttng ruu pks kasi prihatin iba hujat
138,muk nanya deh bingung ruu pks diapain sih tolak sah gue bingung nih
139,azharfaiz tubirfess isu udah bukti ui aja tuh rujuk buku jurnal ruu pks isu minggu aja
140,kancutbertopeng bahas ruu pks kalo bem nolak omnibus ngga kayak gitu sih
141,tolak ruu pks dg refrensi link instagram ashiap
142,jumat november sahkanruupks sahkanruupks sahkanruupks jokowi dprri temanteman tolong bantu isi ya link juang ruu pks bantu sebar httpstcohbikhouki terima kasih
143,rame banget kayak pasar bem tahub nolak masuk kesah ruu pks tuntut rakyat kaji baris yg nafas ngapain jalan bareng organisasi yg pro korban httpstcooieqaewewt
144,halo dprri gamau ngesahin ruu pks korban underage loh httpstcopftnxofv
145,ichamgfrh bem nya nolak ruu pks gt cha
146,kiri kiri nentang nentang ruu pks asa banget panggung penting nuntut adil transformatif organisasi aja gagal jalan adil transformatif dgn sistem yg solid aowkwkwk
147,abis diskusi ruu pks tbtb inget film dont cry mommy nangisss bgt alur ceritanyaaa
148,referensi enas inimah open poling sederhana ttg relevansi ruu pks drpd tahap kaji ilmiah httpstcoxylfligrz
149,dukung sahkanruupks gak hukum cambuk terap ruu pks gak kek kentara kali islam alergi yg bau islam hahahaha httpstcocgfidygd
150,nurburuuj ol demo kompk pas ruu pks mual sikut ama main singkirin kawan
151,hoaks miskonsepsi ruu pks komnas perempuan ada bincang mengebai sila tonton temanteman kenan httpstcoaoyvfkg
152,pks ruu hip masuk prolegnas bikin gaduh httpstcodrrhdbrht httpstcojqicqfaj
153,urus ruu pks kali httpstconmjvscmdk
154,im sorry to say kalo salah reformasidikorupsi bulan september indonesia senayan gejayan tau gue emang tuntut poin salah satu kesah ruu pks salah kalo kota gitu tuju httpstcosiwvrcr
155,nindiyaap halo kak ruu pks sah mari bersamasama desak ketua dpr ri puan maharani ruu pks masuk daftar prolegnas prioritas amp sah suara desa httpstcoetuwjlid lupa disebarluaskan dukung ruu pks ya kak
156,fpks ruu hip masuk prolegnas httpstcolnqirgh
157,ezash tedung dpr bawa toa ngumpul temen komunitas pake baju alerta deklarasi dukung ruu pks tolak ruu tahan keluarga
158,kaji unand towards ruu pks nih aneh banget anjrittt gue bingung rephrasenya kayak gimane
159,pks ruu hip prioritas httpstcoduilomz
160,bikin sedih tuh tolak ruu pks tolak layan temanteman yg ngga pandang sikap jg ngga laksana yg amanah httpstcocyrwrxial
161,waking up seeing bem unand tolak ruu pks
162,tubirfess nape gak ruu pks aja sah sih geble
163,pks ruu hip prioritas httpstcoxmporqihbg merdekanews httpstcosyviyfchl
164,nanya ruu pks gak sah coba ajak ngobrol bemkmunand httpstcojsnckdhl
165,uda sourcesnya ig data gajelas informasi ruu pks ngejelasin panjang wkwkkw aduh aduh oiya responden yg bilang gatau kl keras seksual kampus jg gaada kampus anjir ckckck bem unilalg ngelawak ap gmn si httpstcojnkizrgal
166,fraksi pks dpr ruu haluan ideologi pancasila masuk prolegnas prioritas httpstcoebfextfw
167,beda dapat kalang mahasiswa milik federasi induk kelola beda esensi praktik demokrasi sehat situ dialektika isi tarik ikut substansi pro kesah ruu pks httpstconyfpphewy
168,ntar kalo ruu pks disahin gera ga yg ngurusin krn mayoritas membernya laku leceh seksual kontra
169,atfidarme poljokesid ya gimanaya bem nm fhua sepakat bemkm unand kait kaji ruu pks nilai beda dapat dunia demokrasi
170,lucu banget komen kaya nuntut abcd ga dukung ruu pks juang demokrasi ga heran lu ngomongnya gitu demo yg msh keras seksual demo birah tetep prioritas nomer
171,boroboro ken menteri budaya depatriakalisasi dekolonisasi bolivia tuntut sahkan ruu pks aja debat kalang aktipis kiri httpstcoffevggn
172,tinysriasih upon further reading ruu pks masuk urut nomor bas ruu ngubah uu jalan
173,gan ai debat kolom komentar nyata sikap ruu pks
174,pks urgensi terus ruu hip httpstcozbdfnvwh polhukam
175,lactosoy baca draft nya gak sih ruu pks tolong bgt
176,ruu pks udh salah tuntut demo taun sumber ruu pks asli udh aju yg ngikut tren tuntut yg ga lo komenin ruu pks aja tau pilih
177,janji ruu pks masuk prolegnas prioritas httpstcocsrqgem
178,transtvcorp maling hati haruka mingyu meni kristo ruu pks
179,problem ruu pks sampe yg nolak gitu apaansih
180,pks urgensi terus ruu hip httpstcojwnxkujjx indonesia
181,apaqa bahas dafpus rilis sikap bem kampuskampus yg nolak ruu pks ni hny alih isu mafia lobster belaka
182,aksilangsung bemunila bemkmunand omnibus law ama ruu pks mana hubung kang biar isu beda ngapain nyingikirin massa yg pikir isu beda isu laen
183,bem yg nyatain sikap kyk gin malu kampus ya kampus nindak gmn ya krkr yg gue permasalahin tolak ruu pks nyajiin data aja nimbulin asumsi kalo ajar kampus ancur ga si httpstcogmubc
184,mending sah in ruu pks napa sat
185,mahasiswakpu sulittttt bahas ruu alih topik tolak bahas kutip salah urus ruu pks engga angkat krn ga tuju wkwk ga tuju ya udah tau ya
186,oh gebetan tolak ruu pks gudlak y hh
187,jawabseriuss andalasfess dih gmn ya nyeritainnya inti bem serta jajar tolak ruu pks mahasiswa unand yg desak sahkanruupks
188,tubirfess bem yg dukung ruu pks xixixi
189,halo dprri kabar ruu pks httpstcokqxcbkklls
190,gue peduli gue gak tuju ruu pks yg ruu pks satu calon atribut hukum kuasa adil korban peduli lu mana y sial make it make sense
191,ya orang bangga ngomong gue konservatif ya gue tolak ruu pks o brti kalo konservatif gapeduli sm korban ks ok
192,partai munafik httpstcoleaikybbf indonesiadamaitanpapks httpstcoqfjtzlb
193,pksejahtera httpstcoleaikybbf oh gitu
194,komnas perempuan sorot keras alami aktivis perempuan komnas perempuan dorong ruu pks masuk prolegnas ruupks httpstcobdcrjepgkh
195,nanya korelasi ukt ruu pks ituu ya uda uni kawankawan
196,pks desak ruu hip masuk prolegnas mulyanto perintah resmi aju ruu bpip masuk prolegnas jangka tengah prolegnas prioritas httpstcopbbraipnk
197,keluar mosi percaya dpr perintah tuntut omnibus perpu ruu pks utk sah msh naro percaya baik dr rezim mosi percaya mosi msh percaya dikit httpstcolkweuwqk
198,xximbecile halo kak ruu pks sah mari bersamasama desak ketua dpr ri puan maharani ruu pks masuk daftar prolegnas prioritas amp sah suara desa httpstcoetuwjlid lupa disebarluaskan dukung ruu pks ya kak
199,armerotation fajrimn andalasfess nisaamerta taliabara poin bemkm jabat nya ancam mhs unand yg bersebrangan dg bemkm ruu pks utk tdk bantu urus turun ukt poin bemkm catut unand menggeneralisir unand tolak ruu pks dah kasi kalimat biar mudah
200,dateng nolak ruu pks httpstcowcwptwjo
201,mediocrickey gue pake rujuk bukujurnal topik yg up spesifik ruu pks contoh aja definisi aborsi segi tahan keluarga httpstcokgrcxlvys
202,ikanfis rujuk notulensinya minta unand bukujurnal spesifik bahas ruu pks indonesia bukujurnal sumber referensi sekunder aja ilmu hukum utama naskah produk hukum bs cakup jg naskah akademik
203,amanillahh bem kema yak kalo bem fisip unpad sih mrk dukung ruu pks
204,i mean fuckin dumbass ruu pks urgent
205,amanillahh kalo unpad kubu kiri kanan kuat jg suara dukung utk ruu pks ga nyaring
206,mari solidaritas sintas kawal kesah ruu pks suara dukung tagar sahkanruupks mention dprri puanmaharaniri supratman httpstcoxathnjqttq
207,audiensi virtual pena tema ruu pks kemarin ketua baleg dpr ri supratman andi agtas ruu pks masuk prolegnas sahkanruupks haktp
208,data komnas perempuan keras perempuan tingkat pandemi covid keras seksual tingkat kesah ruu pks atur lindung adil korban
209,dahan ye kesel ue ue undang lu baca kesini nih bisa sembari intisyarian lu edukasi ruu pks ni dateng mari ks jalan biar kawan jalan paham sekian httpstcoutzxbcblxi
210,bu puan dprri aktif dorong bahas ruu pks jabat menko bangun manusia budaya bu puan ketua dpr yuk ingat komitmen dpr hapus keras seksual sahkanruupks httpstcojxnljsdqkm
211,fsexismcult halo kak ruu pks sah mari bersamasama desak ketua dpr ri puan maharani ruu pks masuk daftar prolegnas prioritas amp sah suara desa httpstcoetuwjlid lupa disebarluaskan dukung ruu pks ya kak
212,rahayusaraswati upaya jatuh mbak senjata adlh ruu pks non muslim skrg korupsi waspada
213,arvamaeve aksilangsung kaum sembah baliho habib mesum getol tolak ruu pks jd senjata makan tuan mrk klu sampe sah krn bs jerat habibrizieqid yg mrk bangga keras seksual bas online chatmesumhabibrizieq yg laku firza husein
214,also its private matter maju urus kek gin ruu pks ga urus
215,uncleboydred beda kaya deh nempuh laen teriak ruu pks pukul bungkam sintas jg tdk tagar jg jd jual orang biar gampang deketin orang ga teriak brrti nolak bebas perempuan
216,ayo sepele ks alam abur rasa penyitas sintas butuh dukung salah satu ruu pks
217,ruu pks tuh urgent banget loh tunggu sintas tunggu orang mati kali kali karna ks
218,nitrofoxit aksilangsung rakyat bang daerah gw gak teriak teriak ngesahin ruu pks anti rakyat abang maksud wilayah middle high class leftist liberalist metropolitan doang
219,tolak ruu pks hesteknya hidup perempuan indonesia wkwkwkwkwkwkwkw ngentoooooooooooddddddddddd
220,pks ruu pks
221,bem fisip fh fib bem fkm dukung ruu pks sah keren nih rebel dikit wkwkwk httpstcoylvtxtnz link kaji bemkm fkm unand httpstcoejheojs
222,txtdrpemerintah cek ruu pks kabar ya banyak ruu kaya kerja bener aja dah
223,bilang ruu pks solasi yee aneh lu httpstcoqorlrvby
224,reyhanf bener banget btw ruu pks kontroversial sih isi emang
225,masatidakpercayasihh udh ga percaya nuntut ngesahin ruu pks iku njaluk mu piye sih httpstcowrrxsijizi
226,meizaro thebookiread ruu pks isi sih kontroversial sih
227,buyungmarpaunk emang ruu pks tentang kitabullah
228,sih ketua bem km unand kader kammi satu aksi mahasiswa muslim indonesia underground pks partai keadlilan sejahtera tau pks terangterangan tolak ruu pks tsb ya mari kulit httpstcoestsryyki
229,bem unand korwil sumbagut bem si ya gin kaji habis baca kaji kali bikin kaji masuk diskusikn ahli ahli hukum ruu pks lex specialist khusus bahas keras seksual httpstcojyrvalqjg
230,asli harap negara tuh emang siasia percaya negara ruu pks udah ngga relevan kaya omnibus law cabut kitu tah gangerti sih
231,ya emg ruu pks solusi sih tega aparat hukum bapuk ya paksa percaya negara kudu negara feedback lindung segenap bangsa indonesia korban leceh seksual ya ga si
232,ga heran bem unndd tolak ruu pks padang sih tau gua ya emang kentel hukum adat adat basandi syara syara basandi kitabullah
233,nahlianahal bemkmunand alesan tolak ruu pks dukung partai pks mb
234,mositidakpercaya mosi betul orang teriak benarbenar percaya usaha kesah ruu pks gagal produk legislasi masalah jalan
235,bemkmunand oktober mana bang tbtb nongol tautau langsung nolak ruu pks nape dah
236,ado yo padusi nan manolak ruu pks jaleh ruu pks tuh paralu
237,wilowna iyakanjujur gangerti pola pikir gmn sampe nolak keras kesah ruu pks
238,baa lo ko bem unand bantuak ko bem otoriter den caliak reply nyo ado nan ngecek ig ukhti rep yg dukung ruu pks mang nya woe ras bana nan coment bantuak tu sia bana kau httpstcohcqwzdk
239,poljokesid perempuan yg tolak ruu pks
240,bemkmunand kaji terngacokebanyakan cocoklogi banding kaji ilmiahnyagua harap dpt argumentasi beda ruu pkstp ngeliat ginian guapihak yg tolak tuh
241,bemkmunand ruu nya solusi pks nya iya ya gak
242,bem km unand napa si ngesahkan ruu pks bebas sex inti kl sex consent anjur ngesex
243,txtdrpemerintah hmmm oke oke no prob bingung pas anak anak ken medsos lanjut mbo ya ruu pks dikerjain
244,ruu pks yg bahas sih asli gedeg bgt tuh ruup pks liat urgensi skrg httpstcoiutkwc
245,txtdrpemerintah knp ga ruu pks sih
246,tunainhand whitebluess tinggal masukin atur yg larang zina sukarela aborsi yg paksa adil broo orang yg usul ruu pks yg halang judical review mk kuhp perzinahan ruu pks
247,kayak ga deh pinternya org tua aja ngawasin anak underage make sosmed gada sangkut paut undangundang udah dpr urusin ruu pks aja dah astaga httpstcocfruraa
248,kl milih yg pilih a ruu pks sah b ruu pks kunjung sah warga yg libat dlm gera hapus keras seksual pilih yg dlm depan
249,komnas perempuan dorong dpr sahkan ruu pks httpstcopvganqi
250,riznawita yzdia yayatgp nolak ruu pks wit bawa nama unand anak unand dukung
251,bemkmunand ruu pks emang solusi huruf yg depan r yg depan s gin aja dipake bikin tweet
252,poljokesid bemunila seru jg nih liat aktivis hastag ribut ruu pks sikut wkwkw angka keras seksialndi internal kampus organisasi pelrlindungan hak wanitaburuh exsindikasi
253,kimjongann bilang kiri signifikan deh konteks yg sepakat ruu pks gera kiri kultural paguyuban cinta goreng ya trserah yg dibarengin dr prjuangan pngesahan ruu pks edukasi
254,tirtoid udh msh bilang ruu pks gak urgent
255,udah berkalikali korban keras warga korban keras rezim advokasi isu publik tolakuuciptaker taruh harap rezim tuk sahin ruu pks stockholm syndrome
256,mksdny ruu pks bahas leceh seksual
257,dont get me wrong percaya isu perempuan gender major urgent dlm socalled aliansi yg organik yg kuasa ngeexclude orang hastag reformasidikorupsi amp mositidakpercaya isu kpk omnibus ruu pks
258,sinfourth ruu pks kuat sih mahasiswa ga minoritas bukti kampanye ruu pks habis partai bunderan ugm
259,poljokesid awkwkwkw liat nih aktivis kampus kirik pas ol kompak abis pas udh ruu pks pecah kongsi sikut diketawain opung luhut lu
260,akunpribumii kenndaru gue sih prasangka positif aja mosi ga percaya ama tuntut sahin pks ruu agenda pisah gue denger sih mosi ga percaya kek memorandum parlemen kalo udah ga suka ama kabinet kuasa parlementer
261,kimjongann yg gw permasalahin sih cancelnya gera kampus agam klo kelompok bem nya ga signifikan kelompok yg sepakat ruu pks ngarep sm bem
262,ga yg bilang kalo ruu pks reformasi sistem solusi masalah keras seksual tuju ruu pks juang harm reduction
263,duh ruu pks sah tahan keluarga nyelametin ginian httpstcoziayvpfpuo
264,demo mahasiswa uu kpk omnibus law ruu pks you must know your place brat
265,cancel orang yg nolak ruu pks ketawain hmi kammi yg kuasa bem univ favorit httpstconhjgqrfb
266,amnesty desak dpr ri prioritas kesah ruu pks httpstcoauaofcbayw radarbogorid
267,malem aneh bgt gue mimpi demo ruu pks member nct tp yg gue inget muka jaehyun muka mark bagiin sabun colek ditaro muka warna sabun colek bagus bgt kaya gelato unicorn
268,anggap ya urus hancurin negara kesah ruu pks juta lawan tni httpstcodrswzdmqm
269,ruu pks nying httpstcojnctzdws
270,uncleboydred antitesis sektor ajak org yg nolak tantang isu ruu pks isu emg mustahil bikin org tbtb tahu yg ikut aksi prinsip antipatriarkikapitalismefasisme enggan rawat gera massa yg populer
271,capek bgt konsolidasi audiensi massa nomorduain ruu pks amp demand dr kelompok lgbtq alas biar bnyak yg iku gera kelompok yg standby literally perempuan sm lgbt but you invalidate us for a bunch of reactionaries
272,hemat sy hakim gera yg dorong kesah ruu apa pks prt masy adat dll justru sikap gak toleran moda aktivisma yg serba kontrarian puritan kalo anti gausah ikut atur gera yg
273,gw nahan sih utk ga bahas ruu pks polarisasi dukung tentang udah gila
274,brianfeb momolciao bemkmunand gak sarkas nyata sikap kaji yg tolak ruu pks cek ig aja
275,bagus gw udah serang sobat dukung tentang ruu pks gw ken nyatain sikap gw ruu tsb gw cenderung bodo sepenuh dukung jg sepenuh tolak
276,bemkmunand ruu pks desak sah
277,mbok yg bahas ruu pks httpstconxpqrsfte
278,tolak kelompok tsb thd ruu pks bisa tidak bisa cabut dr elemen misogini amp abai thd sejahtera perempuan yg dasar ambil sikap tsb gabisa diskursusnya batas perkara beda dapat ngatur yg gera ato ngga
279,ruu pks httpstcolnytxfqh sembah guru guru cinta
280,kampus tsb yg tolak sadar kalo sbnrnya minoritas yg dukung ruu pks jg sih sbnrnya ga jg lingkung yg mayoritas masyarakat kampus cenderung bodo dgn ada ruu pks tsb
281,ciiieeee dongkol ruu tahan keluarga tolak fraksi kmren udah harmonisasi wkwkwkwkk lo tau klo ruu pks sah ruu kk sulit pasal yg tolak ruu pks ya emang sarat keras seksual ruu kk httpstconevzfkhk
282,dapat mini fraksi pks dpr ri ruu ubah uu no jalan fraksi pks dapat khusus sandang disabilitas fraksipksdprri berkhidmatuntukrakyat pkspeduli httpstcoepwiyxmzlf
283,militansi sih mrk yg tolak ruu pks tsb aja susah jg ajak diskusi beda tolak kampus a aku kalo yg dukung ruu tsb kampus a wakil suara kampus a
284,tubirfess assalamualaikum ruu pks
285,gk peduli gk pro kontra ya tolong bikin ruu gajelas yg gaada darurat urgensi bikin bikin ruu korupsi sono klo berani rat hukum koruptor ruu pks yg penting jg aja alesan bwt tolak sahkanruupks httpstcoqxakzargfc
286,gila jg sih dukung ruu pks mana kalo yg tolak ruu pks langsung cancel rame
287,kaji sikap tolak ruu pks dahulu keras seksual yg tingkat tau alas
288,mardiasih sikap muhammadiyah ruu pks alhamdulillah dukung httpstcobjmlghokm
289,realberiliant aimrod pall perkara tuju tuju ruu pks pal perkara gera mahasiswa yg amburadul poin gua mahasiswa kacau gera
290,tuju dua sih saran sender perintah kalo tau urgensi ya usut sampe akar bahaya ya ruu pks nih urgensi nda bahas bahas httpstcosruhakq
291,reyhanf yeaown johnny depp udah ancuran cancel usaha restoratif karir cancel si amber heard kalo ruu pks uu kena ya model kirik selangkang fafifu
292,and stil dpr can t validate ruu pks httpstcopegszdywv
293,henrysubiakto orang mui yg tolak ruu pks singkir mui dukung sahkanruupks muhammadiyah imm dukung ruu tsb
294,aksilangsung mending hapus tweetnya min kasi ngotakin juang ruu pks masuk agenda klo mecah pake gin yg dalem tuh mahasiswa yg ga ngerti juang sorry min
295,nurburuuj kalo udah ga percaya negara ga ni logika bhaga desak negara kesah ruu pks desa batal ciptaker jg alamat negara
296,armerotation fajrimn andalasfess nisaamerta taliabara mhs beda pandang bemkm unand ancam ga ngadu bem ukt catut nama unand ga mhs unand sepakat bemkm gagal ruu pks coba kalimat respon ga lebar harap fokus ya bang jabat
297,point tuju konsep prinsip gera punya garis demarkasi aksilangsung tolak ruu pks anggap pro gera wajar gera sesuai prinsip tuju
298,mosi percaya kesah ruu pks logika mesti pake tuntut sebelumnnya cabut omnibus ruu kpk dll emang tuntut ga legislatif jokowi aksi bolak dpr malu malu khoceng sasar istana
299,aksilangsung ngerti mosi percaya gak sih sdh g percaya dpr perintah dpr utk ngesahin ruu pks ajar sok nolak tp yg gaungin ajak kagak ngarti bodoh
300,fajrimn bemkmunand armerotation mayoritas rakyat dukung ruu pks muhammadiyah amp nahdlatululama dukung si armerotation berani bilang orang muhammadiyah sm nu pki
301,gila sih kurun wantu bulan udah perkosa indonesia bisabisanya bilang ruu pks sulit bahas
302,mositidakpercaya nya sahkan ruu pks ra mashookl boss httpstcocbbwntcm
303,ya tolak ruu pks nanya aja sih
304,tubirfess tuju ruu pks yg disahin atuh httpstcofhdeffsd
305,lisaamartatara ustadtengkuzul gw nanya ustadz yg bilang perempuan tinggal ngangkang aja bawah enak kalo hasrat laki wanita gak nolak wawancara tv one ruu pks
306,tubirfess mending sahkan ruu pks deh
307,hidup perempuan indonesia tolak ruu pks
308,aneh nolak ruu pks nulisnya ruu pks alias ruu perempan keras seksual
309,fraksi nasdem kakak taufikbasari kakak lisdahendrajoni komisi iii komisi viii dpr ri juang awal ruu pks sah undangundang uu nasdemantimahar kadernasdem ruupks httpstcolelklrobb
310,ruu pks bukti warga negara kelompok rentan perhati negara
311,fraksi partai nasdem dorong ruu hapus keras seksual pks masuk prolegnas ruu pks perhati serius fraksi nasdem atur ruu pks jamin lindung kelompok rentan httpstconkapihast
312,kalo baca si konteks mosi ga percaya tu ga percaya bijak kerja dpr ga pihak rakyat ga mas tagar ruu pks sah dpr kerja bener
313,kanan macem fpi solid rapat baris gera kiri mahasiswa pecah tidur aja udh mimpi indah ruu pks sah omnibus law cabut
314,ruu pks aja udah hmns kalo prinsip kek yg antitesis pake nunggu minimal juta duduk indonesia solidaritas papua aksiaksi solidaritas papua
315,aimrod naaah ruu pks gue public statement lu nolak you are not part of the movement udah sexual creeps internally ga nambah idiots ga kasih lindung korban lecah seksual sok ngelakuin juang sosial
316,pks tegas uu larang mol rujuk daerah terbit perda anggota dpr fraksi pks nasir djamil ruu minum alkohol mol butuh cegah angka kriminalitas potensi edar konsumsi anak bawah httpstcoijqvscgp
317,amnesty desak dpr ri prioritas kesah ruu pks httpstcorniealjqj
318,whitebluess chaerodi argumen lo gak relevan isi ruu pks gue udah jelasin tindak prostitusi aborsi rujuk keras paksa seksual yg suka sm suka mah gak kait ruu pks
319,whitebluess duh baca tentu tutup pasal ruu pks nama ruu pasalpasal diskusi ulang ruu pks aja udah singkir daftar prolegnas gimana bahas sahkanruupks httpstcomurdjarwbq
320,tubirfess gak aja bahas ruu pks noh bahas
321,mahasiswa nulis kaji tolak ruu pks sumber instagram yutub tolak ruu pks ga murobinya kognitif bun httpstcoaxdfzib
322,gera mahasiswa dri capai goalnya liat aja nih pecah mositidakpercaya tpi nuntut kesah ruu pks blunder blunder httpstcooybzijlwd
323,nasir djamil ruu minum alkohol rujuk daerah httpstcoqdlnmdyce fpksdprri mnasirdjamil
324,amanillahh meizaro rombong ga perspektif agama ruu pks kayak gin ga tembus prolegnas
325,meizaro tuju ruu kaji saran bem itb keren banget sempurna ruu pks mengakomidir agama
326,budimandjatmiko takut si porn fugitive habibrizieqid buka ruu pks sah ruu pks muat pasal yg bs jerat beliau
327,gila ga sih ruu pks yg sampe rampung beda kalo duit kaya ruu omnibuslaw cepet bet sampe lembur malem ketuk palu revisi wkwkwk cinta indonesia
328,sampe capek temenku mesti ruu pks ae httpstcoatdfsomod
329,kak aya anak unand wkwk kemarin qrt konteks nyata sikap bem ruu pks sebenernya qrt akun personal salah gitu maaf warga salah paham ta httpstcolpxfgddlk
330,budimandjatmiko medan dialektika pikir progresif konservatif wacana publik dpr ruu pks ruu tahan keluarga moga proses cerdas hidup bangsa maju sejahtera
331,ttesayang ruu pks gak bias gender yg lindung orang pandang gender
332,eunjixsp oke ruu pks
333,bayubay salueopu tubirfess maaf mas halaman tp ga tuh lindung lgbtq dapat sih ruu pks lindung lakilaki perempuan leceh seksual lawan jenis jenis httpstcososbmum
334,soundofyogi sindikasi sm mahardhikakita belagu dukung ruu pks lindung perkosa
335,wow orang k literally bilang ruu pks subur lacur lu lupa lacur ham hak warga negara eh ruu pks lacur ngga lacur ngga hak lindung gitu
336,chaerodi emang palsu ya dukung ruu pks biar bukti benar takut sm bukti benar stlh ruu pks sah
337,kememkeuri gamau bayangin gabisa bayangin tolak kesah ruu pks langgeng leceh keras seksual kasus nambah smh
338,soundofyogi klo kek gin yaa juang kaum kiri pecah mulubkek kmrn aja udh sikut bem krn ruu pks
339,kontrarian is ok kritisi rumus ruu pks libat elemen sudut pandang rumus kaji tolak libat fh ranah kaji utama representasi pikir golong payah httpstcosjwmcqh
340,koar reformasidikorupsi sm mositidakpercaya tapi tetep nuntut ruu pks sah lucu aja yah rengek kiri edgy
341,hallo mas rizky pertamatama ya tweet membenerkan statement akun baca ulang d tweet sy mas sy bahas erti mosi percaya gmn implikasi ruu pks httpstcotcvbnus
342,tubirfess gw mending ruu pks bahas sah in
343,kafixxx kakak nolak ruu pks
344,tubirfess ironis sih teriak teriak hidup perempuan indonesia nolak ruu pks alas pasal multitafsir legitimasi lgbt ruu pks bikin korban mudah penuh tuntut saksi saksi denger cerita langsung korban buku diary bisa
345,bingung dah blg frasa keras ruu pks mesti ganti jd jahat tp amin uupkdrt tuh gmn httpstcolcrbzgnsoa
346,bemkmunand orang cabul yg tolak ruu pks
347,mngkin pikir tolak ruu usul pks httpstcoyrdamtg
348,lisaelfenaa iya gmna kondisi sintas coba dengerin dapat dapat yg tolak ruu pks bkn dar open minded yg terima beda dapat udah urus mental dll
349,padangmenfess jujur pasal ruu pks pasal karet
350,aksilangsung anjir gw ganti ava aja kalo gitu gw ga pantes dlm baris gw pake ava mositidakpercaya om buk depeer yg sah uu omnibus law ya gw emang ga tuju ruu pks tp kotakin baris ky gin aja kecil juang tolak uu cilaka
351,koarkoar ruu pks kalo skandal ribut link
352,aja manusiamanusia miskin moral label mahasiswa mengatasnamakan kampus tolak kesah ruu pks skskskks rapist
353,tubirfess ruu pks who
354,kalo yg sedia paksa off postingan yg serang pribadi toxic yg cari nama kampus butuh org yg mantau perkara ruu pks tdk rame utk bahas
355,punten bemkmipb gak nolak ruu pks httpstcokmrkuyl
356,jujur bingung ruu pks bilang dukung lgbt udah baca jelas tetep ga nemu salah httpstcoiayxjzi
357,tubirfess lawak dpr ruu pks genting kabar
358,menanaknasii bikin propaganda selubung jem mcnya menit ngomong sahkan ruu pks bahasa background zoom isi doodle tulis sahkan ruu pks pake logo
359,minggu cens roadshow unand gak ya ds bikin background zoom subliminal messagenya gitu dal jam anakanak unand hipnotis subconsciously dukung ruu pks httpstcofyticsbtqc
360,muhammadiyah muhammadiyah sm nahdlatululama yg wakil mayoritas umat islam dukung ruu pks tolak banyak muja baliho habib mesum sih sahkanruupks
361,organ mohosiswo yg getol nolak ruu pks kammi kalo bem yg nolak dah dalem asai kammi kontol emang bem si panjang kammi selebgram yg nama fathur nak kammi fuck yg mas maba mending coli kos aja drpd organ ginian httpstcohokhnlfy
362,orangorang yg dukung ruu pks diskusi orang orang yg gk dukung ruu pks medsos tolong bahasa leceh juang perempuan sadar leceh org yg beda pandang yaa
363,bebycaaa ssstruglexxx fakta yg tolak ruu pks mayoritas kaum sembah baliho habib mesum
364,revolusiakhlak dukung ruu pks sahkanruupks
365,ssstruglexxx engga bem nya nolak ruu pks gt
366,dakjallllll bem nya nolak ruu pks gt
367,rizaridho yg tolak ruu pks kaum sembah baliho
368,mosi percaya harap dpr kesah ruu pks httpstcodusegq
369,mundurnyademokrasi mundurnyademokrasi rancang undangundang ruu lanjut bahas dpr salah satu ruu omnibus law ciptaker ruu khup ruu pks kunjung sahkan baru ruu haluan ideologi pancasila ruu hip
370,list bem tolak ruu pks
371,detikcom tuh hari aja bbrp kyk gin gada niat pmrnth sahin ruu pks jg predator kyk gin hukum berat
372,chaerodi yg tolak ruu pks kaum sembah baliho habib mesum yg tokoh junjung tangkap chat zina nya yg bukti asli httpstcobpmitulosc
373,ruu pks emang cipta opini subjektif dogma la urgensi la tumpang tindih la dsb urgensi tinggi keras seksual gw pikir ruu keras seksual ga mesti cewe paksa hs banyk jenis
374,fess maaf mas mbak kakakkakak aktivis bingung tuntut demo mahasiswa mosi percaya sahkan ruu pks udah nggak percaya tolong jelas
375,udah pake hashtag mositidakpercaya ngesahin ruu pks bikin umum micu konflik horizontal beda dapat mecah belah masyarakat inimah budaya milenial sepal pil wae httpstcoqtwrxrl
376,bentar dah mositidakpercaya sahkan ruu pks ente balik akun asli ngerti kaga si arti mosi percaya httpstcoolrxaafbu
377,christalvin jokowi dprri yg ambil dr video yg bahas ideologi d ruu pks poin yg d sorot dr ruu pks yg kontroversi
378,unand uin gagal nyata urgenny ruu pks lantar buta doktrin jujur ikut mentor sepakat
379,sumpahh gapuaham cokk ndang sahno poo ruu pks httpstcopsmtnnwof
380,bisa fakultas nolak ruu pks gara alas agama tolol
381,bemkmunand koarkoar hidup perempuan nolak ruu pks ironi situ sehat
382,ga heran kalo bem km univ yg nolak ruu pks emg dr nya bem emg gajelas sebenernya representasi untung aja sih bem km ugm thn pegang ama kelompok progresif itu turut ga jamin representatif
383,bemkmunand video hidup perempuan indonesia tp mati perempuan tolak ruu pks bambank
384,konteks mhsiswa puas kerja parlemen salah satu lamban bahas ruu amp buat produk hukum uu pks salah tuntut hestek mosi percaya kesah ruu pks
385,bantu gemes kolom komen banget mosi percaya tuntut kesah ruu pks pertamatama mosi percaya prosedur d parlemen ktika konstituenoposisi ga puas krja mrk httpstcocecxwipoj
386,komunitas homo lesbi also gaada hubung ruu pks simpang seksual gobloooooo who udah ga masukkin orientasi seksual simpang bangsaaat toloooollll httpstcobqhshal
387,ruupks tolakruupks gagalkanruupks ruupksmerusakmoralbangsa ruu pks ideologi liberalisme httpstcomcrxaldmt
388,lambefess yg nolak ruu pks bilang udah atur kuhp mamam noh kuhp
389,ya tinggal kali ya mas informasi sosmed gerak cepet banget tinggal inti ruu pks harm reduction upaya kurang dampak buruk
390,tubirfess btw yg bilang ruu pks sgt islami baca nih bahas poin yg tolak ruu pks dr aila kammi dll udh sanggah situ lengkap httpstcohyfvvf httpstcopnptyhrwqq
391,mikir gak sih bem unand cuman bikin propaganda rela kambing hitam ruu pks viral panas trus yg kaji ajar aksi revisi sah massa yg gk sih
392,tubirfess ngurusin ga diurusin mulu ruu pks noh pakabar
393,bem bem kampus tolak ruu pks ya kabemnya asai golong sistem pusat udah bilang nolak sampe bawa nolak p yuk temen pemira mari kawal politik kampus smpe colong lgi httpstcovxertsn
394,shame on u bem universitas andalas bemkmunand mahasiswa unand tau campaign bawa nama mahasiswa unand muncul dukung mahasiswa unand mengeshakan ruu pks httpstcobfuzwb
395,adekanugrah bemkmunand adat indonesia timur tuhan jd ruu pks sesuai budaya adat indonesia
396,minombrerany uki this is my question too tolak ruu pks internal perintah rumor kemenag khawatir salah baca ruu pks sahkanruupks sahkanruupenghapusankekerasanseksual komnasperempuan mohmahfudmd gracenat alissawahid httpstcogopiihsj
397,so glad dprri nggak prioritas ambek rcti inews youtube so many important things must be prioritized rn streaming paksa masuk siar kayak nggak yg urgent dinomorsatuin dpr aja dah mending urusin ruu pks
398,sikucingx ajar isi ruu pks
399,iki sidane konsepane pie brou ruu pks httpstcoqgncpswwoq
400,amanillahh kepala panja ruupks pkb banyak tolak akar rumpu ppp pan dewan pks isi ruu pks yg bagus standar definisi jelas perspektif sesuai agamaadat moral ruu pks ga jelasin
401,pikir untuk polemik ruu pks serah tolak tuntut sah ambil arti ruu cipta kongkalikong politik penting politik dalam
402,bongakk tu jan dinampakkan banaaa sanakk ndeh ang cubo paham stek iko alun sah ruu tu mangecek ruu pks timbul lgbt merajarela yo kanciang dek ang tu namonyo dak barotakk httpstcotqtxvisl
403,mumusbubu tubirfess habibrizieqid laku chat mesum kedok imam bukti keras seksual amp gerombol tolak ruu pks gak bukti kasus
404,sinfourth ruu pks gabisa revisi uu kawin nu aja gamungkin tuju perang saudara
405,tubirfess ruu pks dlu napa woi
406,aedee areajulid sayang ruu tahan keluarga yg usul pks engga tuju masuk prolegmas kurleb isi
407,tunggu perkosa leceh biar dukung ruu pks xixixi
408,fmuchtar yogiyaditra lo bom aja ngerasain kocak demo makan es buah istirahat ari bolong bawa flayer sahkanruupks trus tetiba yg treak tolak ruu pks dlm ati wtf si ngentt trus bingung kirain salah jadwal demo wkwkkw
409,amanillahh kalo revisi okeoke aja sih dgn syarat sex consent boleh dasar status nikah status resmi yg aku adat agama larang nikah lakilaki perempuan jelasin dlm pasal ruu pks ga jelasin
410,tirtahudhi sahkan ruu pks sih om
411,lu tu yg ginian lu ribet bgt ada adain gilir ruu pks lu pura pura bego belaga ga ngerti hadeh httpstcordjpurvgi
412,sinfourth ruu pks emang gapapa aja sih
413,eunkyungq ruu pks kabar
414,fmuchtar yogiyaditra im just saying yaaa bruu gw sih ya bodo urus sinis kntl gera frekuensi ya jalan bareng klo corenya beda ya usahain misah demokrasi demo gak larang yaudah ahsan demo nolak ruu pks biar tau yg ga bahlul
415,kek lgbt mata hukum lgbt indonesia legal ya gak dasar hukum illegal jd anggepan ruu pks ngelegalin lgbt salah
416,whitebluess ruu pks aborsi wanita korban perkosa tindak menitikberatkan beri hukum laku perkosa
417,whitebluess tegas ya ruu pks lex spesialis lindung korban keras seksual legal bentuk tindak seksual tentang agama
418,whitebluess lho paradigma mah salah orang miskonsepsi ruu pks isi gak pasal legal aborsi sex lgbt consentnya arah tindak keras seksual
419,fmuchtar yogiyaditra ya coba lu pikirn aja deh klo gerak bareng yg aila nolak omnibus law treak tolak ruu pks trus yg baris nolak omnibus law treak sahkan ruu pks ya peduli setan dikatain eksclusive sih isu yg naek gak
420,part ruu pks cermin sila pancasila ruu pks arah liberalisasi sexual indah norma agama jati bangsa indonesia httpstcokhujfgzyog
421,pademicovid djatnika rudisetiadi fadlizon kpkri trending twit ruu pks gmn om mes plus nya om males baca nihh
422,part ruu pks tentang adat istiadat mindangkabau selaras adat httpstcovlcdupllk
423,fmuchtar yogiyaditra gera mosa mosi tuntut rakyat yg salah satu sah ruu pks klo emang cocok ap yg juang ya monggo kluar bikin baris demo ganti plus rame
424,sahkannnnnnn ruu pks httpstcosjpuibtn
425,skybluw gampang kesah ruu pks
426,yogiyaditra salahnye coba isu ruu pks gak sepakat isu uu ciptaker juang biar batal ckckck
427,presiden bem km unand kader pks gak kaget pks parpol keras tolak kesah ruu pks httpstcocsgiugas
428,detikdetik pemira univ aja ribut wkwk bullshit yg ribut ruu pks cinta lingkung dll kalo niat dalem cuman eksistensi cuan brengsek lu neriaki demokrasi ngomongin payung hukum demokrasi tuh bebas cuk
429,aksilangsung ruu pks juang rakyat
430,aneh banget pikir orang yg tolak ruu pks gak bahas
431,part jalan ruu pks httpstcoxhwjzsr
432,kamis november sahkanruupks sahkanruupks sahkanruupks jokowi dprri temanteman tolong bantu isi ya link juang ruu pks bantu sebar httpstcohbikhouki terima kasih
433,si denger ruu pks rame sosmed thread gitu okheyy trus km dukung ga
434,lucu aja liat cowo cishet lokal gagap bahas ruu pks ormek up ttg langsung bekoar sosmed ihiy anak kiri ndasmult
435,ohya partai yg tolak ruu pks yg jd bekengan presmanya yah
436,tubirfess ruu pks apakabs
437,cimoolmeledak dayyflyy tubirfess adalagi bem fkm kesmas pro ruu pks politik muat concern isu sehat mental perspektif korban
438,tubirfess ajar isi ruu pks cumanlihat kemaanya doang cuk
439,tubirfess sah in ruu pks nya bikin atur aneh urgensi sih ngatur orang main medsos udah ranah privasi warga negara ya negara gak hak nentuin main medsos usia kecuali bijak buat aplikasi medsos
440,aksilangsung taekkkkkkk ruu pks kontroversi cuk mengatasnamakan mahasiswa masyarakat sipil tuntut ruu pks
441,bangga salah bem universitas andalas suara campaign tolak ruu pks httpstcocucnuzq
442,bem unand tolak ruu pks a thread httpstcozhktovniy
443,ruu pks tolong httpstcogahzuwkeb
444,fullmoonfolks bang ruu pks dukung si korban laku si bang
445,tubirfess ruu pks disahin mang
446,gw serius nih nanya emang ruu pks nulisnya ruu pk s ya bab pake angka bab v nya pake romawi pasal ayat pasal ayat gausa pake kurung dah kalo pake buka tutup kurung taro ayat aja
447,ruu pks sebenernya dukung korban perkosa laku perkosa yg tau tolong yg valid no hoax
448,dpr dengar gelisah masyarakat httpstcoabqxjae
449,mosi percay perintah sahkan ruu pks percaya ga percaya httpstcoinezcbu
450,aksilangsung ai sia sehat ongkoh geus teu percaya keneh nitah dpr gawe ngesahkeun ruu pks kela kela maha sih
451,tubirfess yg prioritas sebenerny ruu pks sih
452,kaji dalam ruu pks hasil kaji diposting orang tau susbstansinya masyarakat luas paham pointpoint kritisi
453,pakai tagar mosi percaya ruu pks sah
454,tubirfess ruu pks deh plisss
455,ruu udah didengungdengungkan jaman gue kuliah kayak ruu pks ciptaker dll gue tunggu sah ruu lindung data pribadi please please please make it official asap
456,tirtahudhi mepetin mpr ngesahin ruu pks tirtahudhi tunggu pancing sah
457,apesiih dpr sahin ruu pks aja udah httpstcocuqzmfeh
458,tubirfess udah cape bgt ruu pks ga disahin ga kaya gin up
459,glaksmi tubirfess univ yg nolak ruu pks wow
460,tubirfess oiyh fyi kampanye haktp anti keras perempuan mana kampanye desak perintah meng sah ruu pks lho yuk kampanye cek komnas perempuan
461,otteonmirae rafimaryudwika tubirfess kalimat legal lgbt karna ruu pks gak kak karna emang bahasa uu yg rancu bikin debat sebenernya lindung hak legal kak poin diskusi ya debat pikir
462,capek capek ajar pidana teliti tindak pidana perempuan eh ngadepinnya orang kontra ruu pks modal hate speech tp ga ilmu dah dah emang waras lapang dada maklumin aja nama jg ga ajar ga lapang
463,bem km unand tolak ruu pks jalan prinsip utama adat minangkabau ruu nya terap daerah sumbar tolak ya bagus ruu cakup nasional jadi alas bemkmunand
464,nolak ruu pks syah patut curiga sadomasokis suka hubung seksual konsensual dar sadar takut entar ruu pks syah masui bui kirakira
465,bemkmunand tolak ruu pks dukung ruu tahan keluarga
466,komisi viii usul ruu pks keluar prolegnas prioritas klik baca httpstcoaydoadk download aplikasi httpstcoqbjypdwowe akses berita mudah cepat android httpstcofzwkzwssx ios httpstcotrbrytkgr
467,avardhanararis seorangkucang usahabiarkaya tubirfess iyakaan bem hukum unand dukung ruu pks sah
468,andalasfess yg kontra ruu pks mah kaum puja baliho habib mesum porn fugitive
469,arfdhanin iyaa bgtt pdhl mas urus yg hrs urus kyk ruu pks tp kyk ginii
470,please laa kontra ruu pks nio debat tuh jan baok mang sara emang rancang undang tuh urang mang sado urang mang kontra jo ruu pks tu indakkan lo pro mah uaf
471,mahasiswa dukung kesah ruu pks so who exactly are they representingampamp
472,komnas perempuan dorong dpr sahkan ruu pks httpstcovzpxcpwl httpstcobrfmnwbtb
473,tubirfess ruu pks aja
474,tubirfess mending urusin ruu pks aja njing
475,ya macem uu rkuhp ruu pks dll tp tbtb nyautny uu ciptaker tu si azis syamsuddin dkk
476,indriokt hahahah tolak ruu pks
477,tubirfess knp ga urus ruu pks sih
478,hehe fraksi dpr udah sepakat noh ruu pks masuk prolegnas prioritas httpstcoivlaqfrlg
479,tp urusin ruu pks yuk ruupks
480,tubirfess mending urusin aja ruu pks
481,fadliiramadann tolak ruu pks spt bandar bokep alibaharsyah tangkap bela dg alas bebas agama amp dapat pasal amp uud nkri kerap cap liberal sisi tolak liberalisme tp sisi mengatasnamakan bebas beda liberal dg bebas
482,guooooblookk gak hubung ruu pks bikin gera rusak nalar httpstcozxjnymnq
483,tubirfess emng poin benar kaya frasa buat psl ayt agk multi tafsir psl ayt psl psl psl perkosa n coba tp ruu pks legalin zina aborsi lgbt rancu lex specialis keras bkn moral
484,situ tolak ruu pks tolol banget sih malumaluin nama univ aja
485,ruu pks kabar httpstcoekybckiumb
486,urus ruu pks anjing httpstcokvvgaft
487,ruu pks tuh maksud gin ya gt tubuh ya hak kayak gitu nyoblos suka suka gue ngelarang nya keras seksual gue nasehat aborsi bablas keras sih httpstcoheuswx
488,bemkmunand ayo diskusi ketua bem yg tolak ruu pks
489,sahkan ruu pks keras seksual lapang playing victim misskomhajar korban lebam
490,immawati dpp imm dppimmofficial desak kesah ruu pks txtdr httpstcoqbivcttp httpstcohmgailamnn
491,knp nolak ruu pks main rana zina lgbt aborsi liberal ato gaknya udah komnas perempuan gatau baca gak
492,baca ruu pks biar ga bilang ikut
493,tubirfess gila ya ruu pks tunda tp ruu ginian bahas medsos meng dukasi medsos buka wawas medsos jalin tali teman medsos ga ajar bahasa ajar budaya kenal sm temen ku yg ajar kes hatan m ntal kenal dunia mah ngapain si
494,wait mosi percaya nuntut kesah ruu pks admin butuh peganggan gak binggung gitu httpstcojamfjvvue
495,susah jd perempuan indonesia uu yg bs lindung eh jegal cem ruu pks yg jegal perempuan jg asik bngt yak idup
496,pokok bahas udah aja kontra ruu pks
497,tubirfess nolak ya ruu pks bagus yg bantu jelasin ga bingungg
498,tubirfess ruu pks
499,bemkmunand lha dukung perempuan nolak ruu pks
500,ndaru ruu migas pks pro sebab
501,gimana si mosi percaya kesah ruu pks percaya wkwk mosi percaya ganti aja mosi percaya percaya httpstcolpjlnihxl
502,andalasfess mang orang dasar pilih pro ruu pks
503,andalasfess bem km dapat ruu pks mengatasnamakan unand beda dapat ngamuk orang
504,allah firman umat baik lahir manusia suruh ma ruf amal shalih cegah munkar maksiat qs ali imran ruu pks
505,lambefess ruu pks njrit
506,mumusbubu tubirfess yg nolak ruu pks bawa isu atas bawa chat mesum habibrizieqid
507,tubirfess ha dah dah capek lurus maksud ruu pks yg diajuin kek yg ujung dibelokin lg lgbt free sex gada hubung bambang
508,new post nur nadlifah anggota dewan komisi ix dri juang ruu pks masuk prolegnas prioritas httpstconpiotfvlf
509,ruu pks pdhl udh ngendap ya httpstcozefucdw
510,areajulid yg nulis astaga pdhl ruu pks guna ga fokus perempuan aja sedih msh bnyk yg paham isi ruu pks
511,tubirfess ruu pks larang ngewe nikah gak kalo gw dukung ruu ahaha
512,uaf wdyt yg tolak ruu pks alas ga sesuai agama sila pancasila atur aja zina ga atur
513,dewan pimpin pusat ikat mahasiswa muhammadiyah dpp imm korps immawati desak dpr ri prioritas kesah rancang undangundang hapus keras seksual ruu pks httpstcojsozwey
514,diantridayanti bemkmunand positive thinking aja kk yg tolak ruu pks negara zimbabwe
515,tubirfess ruu pks napa
516,males baca silah baca alas konyol tolak ruu pks httpstcokgttthaxb
517,sayadajjai utaariiiii tubirfess yah coba buka ruang diskusi yg kontra bahas ruu pks pro aja
518,tanyainrl ruu pks aja anj urusin
519,salah bem yng nolak ruu pks sayang sih alas nya dri thn kemarin gtu yg tau gwsampai gw cari draf ruu pks iniapakh prozina lgbt nggk nytpi alhamdulillah ny gw nggk nemu perihal lgbt ruu pks
520,fullmoonfolks gak bingung kayak mositidakpercaya percaya dpr yg tunda kesah ruu pks ruu yg urgent kemarin wacana hapus sulit percaya dpr
521,bisabisanya bem km unand bikin tagar tolak ruu pks
522,kelas bemu kampus belah kaji tolak sah ruu pks sumber postingan instagram orang pft
523,hadidqiqi iya ruu pks kek tolak
524,lambefess gak sih yg urusin ruu pks
525,besok lho jam siang dpr ri rapat ruu pks bawa nggk nya daftar proglegnas tdi gw jg sempt zoom supratmandan tuju ruu pks bawa daftar proglegnas sudh dukung dri fraksi
526,tubirfess ruu pks urusin gausa aneh aneh
527,tubirfess angka jahat seksual anak wanita tinggitapi dpr ragu kesah ruu pks yg diraguin sih pakk
528,ruu pks gimana kabar httpstcorewwunmwz
529,nolak ruu pks liat reply ig bem unila tuh cenderung religius
530,ironi u tolak ruu pks ngomong hidup perempuan indonesia
531,amnesty internasional desak sahkan ruu pks httpstcoqmpqpvzif
532,tulis surat desa kesah ruu pks wni negeri yg resah krn kerap keras seksual thd perempuan indonesia komnas perempuan jg dorong dpr ri amp perintah utk kesah ruu pks
533,direktur eksekutif amnesty internasional indonesia usman hamid serah surat yg isi desa kesah ruu pks dpr ri ketua baleg susul rangkai kampanye anti keras thd perempuan ruupks amnestyinternasional httpstcogmmhdfrin
534,ruu pks sono urusin tot httpstcovxynijvta
535,keras seksual shadow pandemic shoes art installation dorong kesah ruu pks body shop indonesia gelar shoes art installation dorong kesah ruu pks edukasi masyarakat keras seksual shadow httpstcoziwzvfi
536,baca ruu pks berlembarlembar kampret ncenan
537,klaster anti ruu pks bikin sebel yha
538,aksilangsung mosi percaya nuntut kesah ruu pks sebentar bego mikir maksud gmana
539,nunggu sampe ngesahin ruu pks perintah httpstcohajojlg
540,goaweygo gw dukung kesah ruu pks alih mncoba edukasi biar gera main cancel jabat bem cm taun jd rem gni ya
541,btw ga kenal unand ya source reply twitter ruu pks
542,aksilangsung laahh bingung mosi percaya tuntut kesah ruu pks
543,ackermanslut aghh sih mikirin ruu pks ga kelar sampe uu ciptaker sah aja udah liat wakilin
544,tirtahudhi yok desak dprri untk masuk ruu pks daftar proglegnas sah paripurnaagar korban payung hukumperlindungan pulih negara sahkanruupenghapusankekerasanseksual
545,wow mantap kakak bina yg pro perintah udah dukung tolak ruu pks httpstcoffgwpacue
546,areajulid yaudah uu lindung usut tuntas rasa seksual kek nama serah gue heran ruu pks kalang gak perempuan loo emang perempuan perempuan gak dpt hak lindung
547,tubirfess mmf oot ruu pks kabar skrng
548,ruu pks disahin nunggu korban gimana
549,dsflow ruu pks masuk draft nomer
550,kaga ngarti dah mosi percaya nuntut kesah ruu pks httpstcozxjfapslrw
551,yunveely tubirfess baca mba mahasiswa unand ketawa asli baca alas nolak ruu pks bem fh fisip fib unand bemkm unand
552,ruu pks aja sahin httpstcobftmaud
553,areajulid waitwait ruu pks dominan fokus perempuan mu perempuan laki korban keras seksual laku keras seksual
554,tubirfess heran bgt pas pulang sekolah mobil nyokap brosur parpol gue gamau parpol tolak ruu pks komik gitu jujur sakit hati bgt liat
555,tubirfess ni orang kaget banget si nolak ruu pks
556,tubirfess lucu rakyat tubi juang tuju ngata ngatain yg gk tuju cari ruang diskusi sehat jgn ngarep ruu pks terima masyarakat deh
557,sih kampus tolak ruu pks kampus bahas feminisme all male panel ahh mantap
558,fallinxflower ngerti tuju ruu pks bahasa keras seksual jd simpang ken a b c d dimasukin salah
559,fullmoonfolks mesti pake nama gera mosi percaya pake aja nama gera tolak omnimbus law tolak ruu tahan pangan minerba dll pake aja nama gera tuntut sahkan ruu pks suara aspirasi
560,ruu pks atur consent sanksi laku perkosa laku perkosa lenggang bebas cari mangsa
561,bilang ruu pks pro zina emang uu gimana atur consent httpstcoghnamythj
562,tubirfess mending sah ruu pks
563,tubirfess ruu pks kabar ya allah
564,tubirfess ruu pks woy
565,kindaboujee iya poin lgbt salah ruu pks bahas keras seksual bahas lgbt kalo lgbt masalah sila bahas bikin ruu poin ruu ya keras seksual lgbt is not one of them
566,ruu pks bahasa keras jenis ohh jd maksud ga lgbtq tuh lgbtq salah kalo yg praktek kena sanksi ruu pks bahas keras seksual httpstcommqqdtzkc
567,andalasfess tolak yaa ruu pks partai bem km nama pks
568,kindaboujee cont ruu pks bahas lgbt which is weird because emang lgbt salah bentuk keras seksual
569,kindaboujee nyata bem km unnd tolak ruu pks baca pdf some of their points are kinda absurd dapat step sis mahasiswa alas unsur liberalisme feminisme cont
570,kinciiww dpr mending ente bahas ruu pks
571,sychdnt mambubaran t ndak ndik juang juang bem kalo marubah pola pikir ruu pks kalo bana mah urang urang bem tu urang kompeten dibidangnyo mngkin rubah mah
572,otteonmirae rafimaryudwika tubirfess bebal yasudah consent urus akhirat tekanin koar koar sampe bikin kek gitu ngelarang sah nya ruu pks ruu banget perempuan
573,tubirfess ruu pks aja
574,dpr bahas ruu pks httpstcomblesxvprn
575,salueopu tubirfess mas file ruu pks coba buka halaman
576,poin proses tangan korban jabar ruu pks keras seksual korban tanggung konsekuensi berat httpstcojiuxka siti parhani kini sahkanruupks
577,jevthan sah in ruu pks ajh dlu dpr
578,rakyat tolong sahkan ruu pks dpr yall hear sumn anyways httpstcoaaljcoexz
579,tubirfess serah lo dah sahin tuh ruu pks
580,beneran sesuai judul kaji tolak ruu pks bahas ruu pks sahkan httpstcozefrvebmr
581,pindanglemu jgnkan ruu pks blm urus but udh ngurus ruu halu ato apa
582,org indo suruh mikir istilah kek gin notice anjir to the point aja perkosa sampe nunggu brp juta korban keras seksual kalo tau ruu pks cabut idiot httpstcofcmjhuklt
583,bahas ruu pks aja ga httpstcomaxlikzo
584,nolak ruu pks goblok banget fix httpstcocogbwmsnq
585,nitrofoxit karna narasi bemkm unand dukung ruu pks auto liberal padahal tuju utama lindung hak asasi perempuan
586,gilir ginian aja gas mulu ruu pks kek urus heran httpstcovfltrgext
587,fadhlulrmdhn tolak ruu pks
588,tubirfess gabut ruu pks aja dicuekin blgnya sulit bahas minor ga peduli ma medsos duh serius deh
589,pks urgensi terus ruu hip httpstcoesqrvrhhg httpstcoqadvdcpc
590,raihanazyafi kaum tolak ruu pks lucu gencar tuntut bebas lantang tolak liberalisme paham ngga sih arti liberalisme liberal liberal bebas yg adlh konsep liberalisme fh
591,yg ngga tau ttg ruu pks please komen apatissaya ngga tau apatis bangga lo ngga tau depan nya lo keluarga lo yg korban lecah seksual so please dude ur statement doesnt make your followers up uaf
592,ruu tahan keluarga tolak lanjut bahas ruu pks masuk prolegnas pantesan aja bacot bget nolak
593,komnas perempuan dorong dpr sahkan ruu pks httpstcoyjqhjj
594,mari bahas ruu pks bapakbapak ibuibu dpr insyaallah hormat httpstcoswpaakxbrp
595,clv bahas noh ruu pks akdbsisjsmak
596,aksilangsung gimana mosi percaya kesah ruu pks percaya gak
597,ruu pks si bund gue buka hp tetep aja tinggal berita iya si buka hp cek grup kelas wkwk
598,ya wajar aja nolak ruu pks orang ngomong video instagram mayoritas lakilaki perempuan cuman rentan rasa seksual perempuan
599,aksilangsung si mosi percaya kesah ruu pks cih
600,kamlihoe sksksksksksksksksksksk kinda pointless mbahas ketimbang ruu pks but idk v
601,brownpearllll gue rada bimbang sih gue ruu pks banget mana ngebahas leceh verbal verbal disosmed kaya alih
602,ruu pks nya httpstcosqkztzhlsq
603,insecxregirl dukung ruu pks olip
604,areajulid ruu pks lahh jgn duluu gmn sihh
605,psychocatto areajulid ruu pks flop
606,areajulid ruu pks bahas
607,gimana bahas ruu pks aja udah tuh ruu jamah httpstcoxpluqr
608,tubirfess emmm especially tiktok tuh kadang toxic banget anak udah engga wajar tindak sesuai usia mending kalo awas ortu btw bahas ruu pks when hshshshsh
609,daftar pustaka kaji bem unila tolak ruu pks tau tarik ya sumber instagram youtube hahaha httpstcouqzhnimz
610,tubirfess gajelas mending urusin ruu pks
611,aksilangsung harap klarifikasi bem unand wakil fakultas hukum bem fhua dukung kesah ruu pks httpstcoprhtocyypd
612,tubirfess kayak gin lo nolak ruu pks gila dunia
613,ruu pks atuh bahas httpstcowguxdvtj
614,tubirfess dpr hormat sibuk bikin ruu yg jegal sumber informasi gin mending bahas ruu pks trs ketok palu biar plong gtu lho bu heran hobi bener bikin rakyat uring
615,biar apas anjir benerin ruu pks dlu dha httpstcorcnvghvm
616,areajulid aelah urus noh ruu pks
617,dijelasin berkalikali percaya ruu pks nentang agama
618,tubirfess ruu pks dianggurin mulu nih gue lokit
619,fokus ruu pks aja httpstcoopsdhhdzn
620,bahas kecuali ruu pks oke httpstcoxyjoja
621,mending urusin ruu pks deh httpstconyfoxygam
622,ruu pks she dont see us httpstcotflfmvdwr
623,tubirfess tetep susah ngesahin ruu pks uda gila
624,lambefess mending bahas ruu pks anjink
625,kalo ruu pks tumpang tindih karet makna ganda ya nama aja ruu rancang kaji kaji masukin prolegnas bahas bahas ajak masyarakat sembunyi main nolak nolak gila lu emang mental rapist tolol httpstcodcsvkqkqk
626,mumusbubu tubirfess sebenernya nolak ruu pks hak maisng karna hidup negara demokratis layak suara tp konsen ngasih fatwa nolak okahs eluruh kampus nolak gk wadah nependapat hujat
627,aksilangsung mositidakpercaya nuntut kesah ruu pks nih klo gak percaya ya ngapain nuntut kesah yg hantam lawan ntar revolusi dah sahkan uu yg manfaat hapus uu yg rugi kocak dah juang nya
628,lambefess mending bahas ruu pks aja bu
629,tuju bgt tuju kalo dpr cepet sahin ruu pks httpstcofgewnzd
630,tubirfess ruu farmasi ruu pks kayak bahas duluan sih
631,tubirfess mending ngurus yg kyk ruu pks kek ya tuju ajasih cuman ya plus minus jga plus saring ga pengaruh negatif minus anak yg mao nyari info edukatif hambat
632,tubirfess universitas andalas udah nyata sikap tolak ruu pks bem si gak suara nyata sikap ruu pks wkwkwk kampuskampus dalam beda dapat
633,tubirfess ruu pks urusin
634,ga bahas ruu pks sii httpstcoezjhud
635,uaf ayo bikin debat buka ruu pks bem km unand ken tau landas pikir nolak sbenernya kalo bem km berani
636,tubirfess tp ah knp dpr g selesaiin bahas ruu pks aja
637,tubirfess tuju gue mas urgent bahas dibandingin kayak gin for example ruu pks kunjung sah bamsoet aja dukung
638,tubirfess ruu pks sahin njing
639,daunkepiting arvamaeve jandrik tubirfess mitos ruu pks percaya sembah baliho habib mesum
640,ngurusin yg ga aja dpr ruu pks sahkan goblok httpstcocmnsophm
641,daunkepiting arvamaeve jandrik tubirfess ruu pks sah dunia puji langkah indonesia
642,tubirfess mending ngurusin ruu pks dah
643,gimana deh mosi percaya nuntut kesah ruu pks ngga ngerti gua httpstcouhutieafe
644,tubirfess mending bahas ruu pks
645,gak bgt ruu pks yg genting kaga bahas bahas asu httpstcosvuaiqyxz
646,daunkepiting jandrik tubirfess njir ruu pks sponsor ama amnesty international skip propaganda elit global
647,tbh sih macem atur ruu pks urgent noh
648,ruu pks gimana paaaak httpstcovtnlge
649,arvamaeve widassatyo tubirfess ya tahu ruu pks share orang paham ruu
650,liat kaji bem unila ruu pks bikin resah aja
651,marifhendra rasyeay iya bener sih urgensi nya beda mekanya ga nyinggung ruu pks yg gatau kalo salah yg nolak kesah ruu karna cuman booming pas jaman tolak ruu kuhp ituu
652,luvvur tubirfess bisa nolak ruu pks
653,mumusbubu tubirfess startepack pro ruu pks
654,tubirfess maaf nolak ruu pks ya ruu pks anggap salty beneran gatau
655,aja bahas bom minggu yg eh muncul bem universitas piiiip yg nolak ruu pks rusak moral httpstcorepxkiohx
656,utaariiiii capilaalpt gausahpamer tubirfess syukur paham ruu pks gencar kalo kaji hukum ga tolak gin
657,pks tolak ruu hip masuk prolegnas prioritas timbul gaduh httpstcojjcnuhh
658,marifhendra tubirfess yg finis yg mas tukar ruu pks ruu kuhp perempuan pulang malam ruu kuhp
659,tubirfess loh ruu pks khusus keras sexual ya sifat khusus lex spesialis kait point kayak atur kuhp dll
660,data kpai korban tindak keras seksual institusi didik miris kerap kali korban pindah sekolah paksa damai ruu hapus keras seksual pks harap keras httpstcojwtmhaswh
661,rasyeay gabellinaa karni ilyas ga nyinggung ttg ruu pks ilc ya gera tuntut kesah cepat sih jdi tarik utk bahas sj bahas si fathur diem doang kena marah senior kammi wkwk
662,howudoingggt mumusbubu capilaalpt tubirfess gue baca dr tulis salah komisi dpr komnas perempuan gitu lupa deh loh jelasin relevansi ruu pks islam ga tentang
663,tolak ruu pks dalih cenderung legal lgbt ya lgbtq anggap ilegal leceh laki anak tutup mata perkosa maklum yg salah perempuan sehat batas ormawa superior bawa nama kampus
664,tunggu orang nan polos kaget bem nolak ruu pks httpstcodbbxdrgirv
665,ruu pks lindung korban swnya banyak underage korban trafficking legal bisnis prostitusi gblkkkk zina rape is not sex in islam any nonconsensual sex is considered violence so whether
666,muliawanramzy mah tolak ruu pks biar rizieqfirza yg udh sp gak bs lanjut
667,fraksipkb sikap pkb yg dukung ruu pks apresiasi rakyat indonesia
668,tubirfess hah gatau ngomong gimana banget masalah agama adat lgbt pokok inti ruu pks lindung hak individu yg paksa leceh tuh gak paham yg nama orang consent gitu ya
669,uki tinggal nunggu ruu pks sah sahkanruupenghapusankekerasanseksual sahkanruupks
670,desak ruu pks sah amnesty internasional baca surat sintas keras seksual usman baca cerita wahyu salah wni alami keras seksual tampung usaha tempat kerja migran indonesia pmi httpstcozjcbdqvunh
671,trinandaniel rendanggor tubirfess iya nihhh tolak anak yunen yg pro ama ruu pks
672,penguinbabeee jandrik tubirfess gue ya sahkan aja ruu pks urgent kalo bikin pasal kuat anti zina amp lgbt silah bikin uu aja
673,tubirfess bemkmunand nolak ruu pks dasar suku mang woey serius
674,breaking terima kasih saksi audiensi virtual penapesan ubah sahkan ruu pks desak ketua dprri sahkan ruu pks httpstcocwuovjd
675,woy anak unand citoan ciek a baa bem km nyo manolak ruu pks
676,agakagak lucu ya nolak ruu pks secaraga langsung dukung simpang seksual yg dasar suka suka d
677,widassatyo tubirfess kalah dorong ruu pks ga duit amp pengaruh yg dorong omnibus law
678,tatalattee tubirfess korban leceh kejut yg kampus tolak ruu pks definisi korban jelas rancu makna
679,breaking ruu pks ruu komprehensif cakup tuju ruang lingkup hak korban keluarga korban cegah lidi partisipasi masyarakat warga kota desa reformasi hukum
680,breaking ketua baleg dprri harap dpr paham situasi pandemi keras darurat harap januari ruu pks bahas alas tunda alasanalasan urgen
681,breaking aceh korban perkosa umur perkosa lakilaki usia benda tumpul identifikasi keras seksual mata hukum indonesia ruu pks bentuk keras seksual aku
682,akuucamtik tubirfess islam nama zina ya hubung seksual lakilaki perempuan meni cmiiw ya kalo perspektif ruu pks consent serah udah nikah ngga gitu bilang pro zina
683,ruu pks httpstcocsttqe
684,jandrik tubirfess gue sih sahkan aja ruu pks urgent bgt uu taung hapus keras seksual kalo pasal yg ideologi selamat amp sejahtera bicara adakan revisi
685,tubirfess kalo bahas ruu pks tuh inget film on basis of sex pas dorothy kenyon bilang maybe someday but countries is not ready change mind first than change the law langsung pikir indonesia tinggal kah
686,keinget hehe roadshow wilayah lantang suara tolak ruu pks masa pilih auto cecar anak hukum langsung revisi nyata rubah sikap httpstcoideolaia
687,dynananana tubirfess kalo yg kontra celah diskusia ambil perspektif ruu produk manusia gak sempurna gw dukung ruu pks yah
688,nahlianahal bemkmunand wkwk gue bem gapernah kecimpung ruu pks bijak daerah kak
689,for those yg bilang ruu pks perempuan tau spesies manusia kaya temu bitj leceh aja even me httpstcoideolaia
690,tubirfess hahahhaha tu kaya bem kampus wkwkwk alesannya karna ruu pks kandung feminist legal theory kandung asas religius awoakwokaok
691,tubirfess ga takut pake akun bem emang antero masyarakat univ tolak ruu pks lol
692,beer yg mager baca kaji bem nolak ruu pks alas besar tolak takut legal lgbt takut legal prostitusi zina ampamp takut kriminalisasi orang yg salah
693,bakmiegolek ky fans cewe gitu lo yg gatau kalo gasetuju ruu pks tolak mana ruu pks lindung perempuan gitu skrg yg nolak ruu pks cerita jd nostalgia jaman si ketua bem nolak kesah ruu iniii
694,breaking veni siregar koordinator seknas forum ada layan fpl perempuan korban keras ruu pks dorong tunda fakta keras seksual alami korban indonesia kerja migran indonesia httpstcopbmegnvrmn
695,serius nanya uaf kontra ruu pks salah satu ruu ga bahas zina legalin lgbt dll ruu pks aka hapus keras seksual ya bahas hapus keras seksual zina dll uu nya
696,bakmiegolek komunitas ngelakuin aksi tolak ruu pks gatau letak rugi nya dmn orgorg gatau gt lo tu mikirnya ruu pks dukung lgbt kagaa tp sm komunitas tentang ruupks sah
697,kampus gue peduli ruu pks hahaha
698,mbok ya ruu pks capek kali lohhhh asu httpstcoudfuweenar
699,breaking harap supratman anggota dewan dengar upaya sahkan ruu pks suara korban hilang dengar korban akses adil pinggir
700,fajrimn andalasfess nisaamerta habibullahfird taliabara beko pas nio banding ukt ka bem km kemaren dukung tolak ruu pks kalo tolak jalur org dalem
701,bakmiegolek eh jir ketua bem ugm yg anak fkg mksd aing yg gencer gencer nya nolak ruu pks komunitas nya sampe ngadain demo tolak
702,breaking indonesia darurat keras seksual harap tunggu moga supratman anggota dewan milik energi sehat selesai proses bahas legislasi ruu pks sah
703,bakmiegolek rame rame tolak ruu pks yg rame rame nolak kesah yg anak fkg looo skrg muncul lg berita karna nih rame rame nolak ruu pks tp wa grup kelas gt loo
704,breaking perempuan masyarakat sipil dukung ruu pks muat cegah tangan pulih keras seksual
705,ratus sepatu letak aksi diam langkah sahkan ruu pks gedung dpr ri httpstcofhduqbxic
706,breaking dasar komunikasi fraksi dukung ruu pks selesai suratsurat kaji sempurna ruu pks proses
707,sebenernya lu paham ga c ruu pks tu ap plus tu pake akun bem yaalla ga takut nama univ lu jd jele httpstcoemcjvfr
708,breaking badan musyawarah pimpin dprri pakat ruu pks pasti selesai juang kawankawan anggota dpr korban keras seksual
709,tubirfess ga kaget sih emang bem yg nolak ruu pks
710,sikap mbak nadlifah fraksipkb ruu hapus keras seksual ruu pks masuk prolegnas sah httpstcoxldxvvk
711,tubirfess bem nolak ruu pks
712,tubirfess coba perempuan trus korban keras leceh ngomong tolak ruu pks
713,breaking lindung adil korban keras seksual laku fokus materi ruu pks
714,breaking prihatin sintas keras seksual amy fitria harap ruu pks lindung adil korban fraksi dpr sepakat ruu pks insyaallah masuk prolegnas
715,menjadibucin tubirfess kak gatau sih dukung ruu pks aja httpstcoaecwaxuvk
716,tubirfess sih paham ga sih ruu pks sengaja biar yg ga hukum kalo ngelakuin tindak keras seksual
717,tubirfess kaget sih dri bem udh yg nolak ruu pks
718,tubirfess sebenernya paham guna ruu pks ga si
719,tirtahudhi bajing moga perintah melek ruu pks
720,breaking serta tulis surat surat ruu pks masuk timbang baleg tugas bahas ruu pks rapat besok
721,beer fck their hidup perempuan indonesia statement aja tolak ruu pks munafik organisasi oposisi salah kampus ruu pks gak sesuai dgn adat gak nyebutin adat yg sara pikirin kalo httpstcozjkhqjhm
722,bahas ruu pks tangguh dpr alas sulit ruu desak sah marak keras seksual jerat hukum
723,ruu tahan keluarga bahas dpr fraksi pks usul bilang ruu butuh perintah hadir ranah keluarga utama fasilitas keluargakeluarga rentan milik hmm urgen sih httpstcojugurfxxn
724,bukajasagambar tubirfess lbh dr thn pks amp fpi gencar laku provokasi bhw isi ruu pks liberal pro zina seks bebas amp lgbt shg tolak ngaku blm baca draf yg mrk soal draf ruu kitab fiksi ah modus tipu mrk dgn ustadtengkuzul sahkanruupks
725,tubirfess same energy debat temen nolak ruu pks dapet brainwash organisasi tel mentahmentah baca draft uu nya
726,breaking supratman andi agtas ketua baleg dprri apresiasi audiensi inovasi jalan aspirasi lembaga buat bijak pandemi fraksi dpr sepakat ruu pks selesai httpstcoqzhwcbq
727,bemkmyunan tolak ruu karna nama ruu nya ruu pks
728,najjissss dukung perempuan nolak ruu pks dasar badut httpstcozgorkadoq
729,hai kak ruu pks materi kbgo kah ajar kbgo mohon bantu httpstcokloqqpz
730,breaking situasi pandemi keras seksual ranah privat membutuk kesah ruu pks urgen lala
731,andalasfess yg bikin tagar unandtolakruupks kaum sembah baliho habib mesum tdk wakil mayoritas mahasiswa unand takut ruu pks sah jerat habibrizieqid mesum yg bangga
732,andalasfess yg bikin tagar unandtolakruupks kaum sembah baliho habib mesum tdk wakil mayoritas mahasiswa unandofficial takut ruu pks sah jerat habibrizieqid mesum yg bangga
733,situasi covid urgensi produk bijak pihak perempuan kesah ruu hapus keras perempuan pks nilai butuh httpstcoabqadrjb
734,bemkmunand knp unandtolakruupks adlh kaum sembah baliho habib mesum takut ruu pks sah krn jerat habibrizieqid mesum yg bangga
735,bemkmunand kaum sembah baliho habib mesum dukung ruu pks yg jerat habibrizieqid mesum yg bangga
736,bawa nama instansi ga kontra maaf y bem pro ruu pks
737,azzfadella tubirfess nih dr komnas perempuan miskonsepsi ruu pks httpstcotwhjokhdhh
738,blubukss ya uu badan lembaga anu tender proyek ngab ruu pks gak
739,ruu pks dukung fraksi sah httpstcoevqmkrymub
740,andalasfess bem km unand rebel dikit pro ruu pks wkkwkwkw jelasin sistem kerja bem km unand gimana gitu yaaa
741,ruu pks sejati muncul karna masalah lindung perempuankasus keras seksual tingkat urgensi demo hidup perempuan indonesia trus menolakmikir nya kaya gimana
742,survei nya gimana loh mahasiswa pro ruu pks giring opini publik aja
743,tubirfess maksud temenmu si nder hidup perempuan indonesia ko tolak ruu pks
744,ruu pks demo karna anggap prozina ungkit salah kampus sumatera
745,breaking wahyu nara tulis surat pena desa lindung adil korban keras seksual ruu pks wahyu suara sulit kawankawannya akses layan lindung kerja migran indonesia
746,si ngomentari cerita yg dijelasin sm panelis sudut kelompok yg fokus sikap perintah thd ruu pks
747,andalasfess bem km ngebadut nolak ruu pks mengatasnamakan mahasiswa unand meanwhile bem fakultas dapat mahasiswa hukum dukung ruu pks
748,marifhendra fathur organisasi tolak ruu pks
749,breaking harap baleg dprri masuk ruu pks prolegnas dpr tangkap gelisah masyarakat keras seksual undangundang kuat jaga keras seksual usman
750,marifhendra tubirfess ha gimana giat finis dukung sah ruu pks mas ga salah ruu
751,andalasfess halo draft nya cari google ruu pks dpr go langsung pdf nya awam mudah cerna halaman check account ig whatisupindonesia lenteraid tinggal scroll aja hopes it help
752,marifhendra hmm artikel tp tau kalo solo aksi pantes pas bengawanmelawan ruu pks ga tuntut
753,viceid ruu pks goblok
754,andalasfess heboh dri bem memposting akun instagram tolak ruu pks
755,viceid ruu pks aja sah in
756,breaking kesah ruu pks dprri supratman ketua baleg dpr hadir panja prolegnas ruu pks ruu usul dpr prolegnas
757,uaf uda uni kawankawan buliah agiah wak referensi utk kenal ruu pks ko makasih sebelumnyo uda uni kawan
758,tirtahudhi ruu pks sahkan
759,breaking keras seksual sipil libat jabat aparat laku adil korban kesah ruu pks putus negara desak prioritas
760,chaerunisadinda ruu pks adak basandi syarak syarak basandi kitabullah
761,bemkmunand satu partai yg tolak ruu pks senayan pks sahkanruupks bawa nama unand malu we korban udah solusi kanda
762,httpstcohfhgjays kaji tolak ruu pks
763,breaking usman hamid direktur eksekutif amnestyindo ingat anti keras perempuan serah surat pena dukung kesah ruu pks baleg dpr wujud resah kolektif publik keras seksual
764,kritik bagus kalo udah subtansi sampe tolak ruu pks logika nya ga masuk satu partai disenayan yg tolak partai pks sahkanruupks sayabukanbemkmunand
765,gais tuju ga klo ruu pks sahkan
766,breaking audiensi virtual penapesan ubah sahkan ruu pks daftar diri httpstcouaykqsqc httpstcobnabjbjku
767,viceid kesini aneh ya gak sih ruu pks aja gimana bapakibu
768,gue anak unand gue desak sah ruu pks httpstconyjskju
769,tirtahudhi dpr lg ngurusi ruu sulit anak bawah thn sosmed ruu pks sulit httpstcoaqharvtgc
770,marifhendra tubirfess loh gimana si finis dukung ruu pks tolak tuh rkuhp ruu pks debat gmn maksud
771,tirtahudhi ruu pks tolong
772,butuh ruu pks sah republik korea merdeka beda tinggal dr aspek httpstcoxromvtjca
773,marifhendra tubirfess i lost at that dukung ruu pks dukung patriark kaga paham ruu pks sjsjzjzhzhzhjsjsjsksns zzzzzz
774,tubirfess hidup perempuan indonesia mana engkau anak muda ngakunya bela perempuan dukung tolak ruu pks sakit lo
775,tirtahudhi udah lu kampanye sahkan ruu pks dok
776,uaf unand pro ruu pks sah hihi
777,yah ribut grup demisioner bem ft nyata sikap bem ft bilang nolak ruu pks duhhhh
778,azzfadella tubirfess ketik aja ruu pks draftnya pdf slides web dpr
779,marifhendra tubirfess dukung patriark krn dukung ruu pks kokk
780,wortelnim pdhl lgbt kubu tolak ruu pks amp nyata contoh by faizalassegaf httpstcoausazmxv
781,skayangku tubirfess iya jgn cm cari euforia doang banding demo yg ttg omnibus law demo ruu kuhp pks yg ngaconya parah demo yg rame wkwk
782,tubirfess gimana si hidup perempuan indonesia tolak ruu pks wkwkwk
783,penguinbabeee bysuccubus verusquaesitor tubirfess halah bilang aja dppfpiid tolak ruu pks krn takut imam besar jerat
784,penguinbabeee bysuccubus verusquaesitor tubirfess lgbt orientasi seksual skrg dppfpiid yg tolak ruu pks amp anggap lgbt jahat seksual udh gertak kali pangdam jaya pangdam siliwangi kapolda metro jaya panglima tni amp eks ksau
785,hayolo mmps masuk tubir kating ku salah aktivis tolak ruu pks argumen ruu pks susup paham finis liberal kebaratbaratan sesuai dgn nilai agama yg bikin gencar nolak lgbt sah httpstcodnjxgvhre
786,memefess yg nyuruh ngesahin ruu pks pas sindikasi diem wae ngerasa laku lindung pfftttt
787,tubirfess bahan baca ruu pks draftnya yg ringkas thread jg google tebar bingung heheh makasih sblmnya
788,marifhendra tubirfess prasaan akun akun finis ig desak biar ruu pks cepat sah belok sndiri
789,tajam poin tindak pidana keras seksual draf ruu pks jelas luas bahas hakhak korban pulih awas proses adil korban httpstcojiuxka siti parhani kini sahkanruupks
790,marifhendra tubirfess tau gw larang pulang malam tuh nya ruu kuhp ya ruu pks
791,bysuccubus verusquaesitor tubirfess inti kontra ruu pks salah satu gak ruu pks bahas paksa doang kriminalisasi lgbt lgbt jahat seksual potensi perkosa anak
792,marifhendra nitrofoxit gosahkeponapa tubirfess habibrizieqid dprri bang dm ya ruu pks
793,memefess unpopular opinion sahin ruu kuhp isi zina trus ruu pks biar kalo dah jalan ga false accusation
794,memefess kalo ruu pks isi bolehin lgbt gak sih serius nanya
795,bbcindonesia dprri referensi ruu pks
796,marifhendra tubirfess hmm iya takut keliru aja ruu banget sih ga aja sjw nolak ruu pks
797,uaf nyoba trending isu ruu pks ga bawa nama unand seakanakan representasi mahasiswa akademisi unand deh bilang aja bem km tolak ruu pks
798,fiiiimam tubirfess anggap aja makan narasi ngaco ttg ruu pks contoh pulang larut malam bs kena hukum penjara
799,marifhendra tubirfess finis nolak ruu kuhp kali pks
800,senananana ruu pks bela hak wanitamasa tolak
801,ruu pks solusi unandtolakruup unandtolakruupks
802,bingung gk sih lo nolak ruu pks tp support perempuan httpstcosvpaulpuib
803,anjing tidur susah bat kayak kesah ruu pks
804,marifhendra gosahkeponapa tubirfess kaum sembah baliho habib mesum getol tolak ruu pks jd senjata makan tuan mrk klu sampe sah krn bs jerat habibrizieqid yg mrk bangga keras seksual bas online chatmesumhabibrizieq yg laku firza husein
805,tubirfess kammi mah gerombol sembah baliho habib mesum ruu pks jd senjata makan tuan mrk klu sampe sah krn bs jerat habibrizieqid yg mrk bangga keras seksual bas online chatmesumhabibrizieq yg laku firza husein
806,marifhendra gosahkeponapa tubirfess jgn lupa tolak ruu pks jg dateng dr kubu agam macem kaum sembah baliho
807,gosahkeponapa tubirfess yup si lawan debat sy emg ga paham isi ruu pks kena gocek narasi wanita pulang larut malam kena hukum penjara wkwk msh narasi ngaco ttg tolak ruu pks
808,gimana gimana hidup perempuan tolak ruu pks haa httpstcoybacmtsj
809,marifhendra tubirfess wait wait tuduh dukung patriark karna dukung ruu pks
810,tubirfess yg bikin parah yg pura ga tau ga terima fakta msh bnyk org yg nolak kesah ruu pks kaum wanita
811,puangila wkwk udh rahasia kali santai aja berita dimanamana doi ga demo poin tuntut mahasiswa isi kesah ruu pks knp doi bs nongol masuk tipi pulak
812,tubirfess jgn salah loh sjw finis jg yg nolak ruu pks dgn narasi kacang pulang larut malam penjara wkwk ngaco emg sy adu argumen sm temen ig yg giat finis sy dukung patriark dukung ruu pks
813,tubirfess iyaa si akh yg puja ukhti beliau tolak ruu pks anggota kammi hehe httpstcokjltcsqla
814,tuju laku ruu pks dengar ruu pks edukasi amp sosialisasi ruu masyarakat luas saksi media briefing youtube infid httpstcoxsarfzq httpstcotoblbvfigd
815,arsa ilmi teliti ijrs papar hasil studi kuantitatif studi kuantitatif persepsi masyarakat ruu pks laksana mei juli dgn responden provinsi dgn margin of error survei telepon amp multistage cluster sampling httpstconmwotfpc
816,skrg ngepost webinar yg ngedukung kesah ruu pks le kalo kapasitas bom nyampe diem aja daaah maba udah nantangin orang malu gak
817,mahasiswa fh angkat mahasiswa salah kampus lumayan gengsi jawa timur ngedebat ruu pks
818,tubirfess gimana hidup perumpuan indonesi tpi tolak ruu pks bodoh gtuu
819,tubirfess mksut lu gmn tolak ruu pks lu mw hidup bwh ancam keras seksual dll makhluk kek gin mesti bolos pas bagi otak
820,tubirfess serius yg nolak sebenernya takut apa ruu pks
821,tubirfess tagar jg demo besar mahasiswa tau salah yg dukung tolak ruu pks tuh wakil ugm yg masuk tv one
822,tubirfess wkakaka inimah ga baca ruu pks ngikut aja
823,tubirfess hidup perempuan indonesia tolak ruu pks sehat
824,tubirfess lha dukung perempuan nolak ruu pks wkwkwk
825,tubirfess tolak ruu pks bambang
826,yg gera sosial ruu pks kayak demo peduli isu ruu pks bantu isi kuesioner terima kasih kykny lgbtq comm bnyk sjw xixixi httpstcocvchznehc btw kuesioner bkn pny gue bantu tmn aja
827,ribu data pasien covid indonesia bocor forum hacker data akun guna tokopedia bocor dlm bentuk encrypted data gb ribu data guru honorer bocor via wag ruu pks kaya ruu lindung data pribadi pdp hrs cepetan sah deh httpstcoauavonm
828,temen wdyt abt ruu pks
829,pantixxx aktivis kirik tai kotok sok bela ruu pks protect rapist sok bela rakyat komporin rakyat nolak bangkit listrik energi reneweable krn blm dpt kucur
830,ahli hukum pakai uu jahat perkosa yg polisi salah ga buat kecuali ruu pks sah httpstcockjcryi
831,nandoderrr tolak ruu pks senjata makan tuan yg jerat imam jumbo yg bangga
832,bem fkep fmipa fti faterna farmasi fateta ft tolak ruu pks lucu bget nyata sikap cek ig bem km guys
833,samoyedsambat tuju bgt sihhh emg sah ruu pks
834,upaya dorong kesah ruu hapus keras seksual pasang sepatu taruh jejer gedung dpr httpstcoblaanqczr
835,fahiraidris salah satu dorong kung ruu pks
836,encexferry bryanoc tempodotco ruu kpkruu pks yng gak dibahasruu kuhpruu cilaka goblog bngt lu ya ada perintah intervensi dlm hari fix lu gobloklu atur dungu yang kena imbas atur gblk siapa jawab ya iya intervensi kita
837,fleurtheathens altbasensfw hmm pasal kuhp potensi kena pidana sender langgar susila sepakat bahas ruu pks prolegnas
838,procrasecut altbasensfw hmm gak jerat uu ite bentuk informasidokumen digital gak adu si korban leceh seksual harassment kaya poin yg bilang ruu pks bias
839,ruu pks masuk prolegnas payung hukum perempuan httpstcolagmwx
840,kiangiekwik tujuh fraksi tolak ruu hip fraksi pdip ppp ruu haluan ideologi pancasila hip masuk prolegnas prioritas fraksi tolak ruu hip masuk prolegnas prioritas golkar demokrat pkb pan pks nasdem gerindra httpstcozbmrflsv
841,kiangiekwik tujuh fraksi tolak ruu hip fraksi pdip ppp ruu haluan ideologi pancasila hip masuk prolegnas prioritas fraksi tolak ruu hip masuk prolegnas prioritas golkar demokrat pkb pan pks nasdem gerindra httpstcozbmrflsv
842,tujuh fraksi tolak ruu hip fraksi pdip ppp ruu haluan ideologi pancasila hip masuk prolegnas prioritas fraksi tolak ruu hip masuk prolegnas prioritas golkar demokrat pkb pan pks nasdem gerindra httpstcozbmrflsv
843,klo ruu pks udah disahin beda cerita krn situ tulis tentu nanganin sahkanruupks httpstcoafliminy
844,selamat anti keras perempuan november stop keras perempuan httpstcomphtrrrep sahkanruupks gerakanbersama jangantundalagi
845,giat perempuan rapi sepatu aksi diam langkah sahkan rancang undangundang ruu hapus keras seksual pks gedung dpr httpstcoleqior
846,republikaonline ruu pks kpn
847,ratus pasang sepatu simbol dukung sintas keras seksual perempuan dpr kesah ruu pks dpr ruupks httpstcoeistbwyzf
848,ruu pks hip nih cerita httpstcoudgocgzhd
849,korban sah ruu pks httpstcoydxswbmeh
850,ruu pks ga cepetan sah in anjir ak gapunya bahan
851,publicanews pks cari panggung politik mulu orang udah batal geh perintah ruu bpip suruh baca tu pks isi beda ruu hip pasal isi dalam
852,pksejahtera syaikhuahmad jaga pancasila ya httpstcoacxrott
853,dpr ruu pks sulit bahas httpstcolvhvgtioog
854,kumpar ruu pks sah lindung masyarakat indonesia
855,googwle gue udah join ruu pks haha lo
856,malaysia ruu pks httpstcotmgoibfu
857,rabu november sahkanruupks sahkanruupks sahkanruupks jokowi dprri temanteman tolong bantu isi ya link juang ruu pks bantu sebar httpstcohbikhouki terima kasih
858,sih kesah ruu pks udah jalan komnas perempuan usul ruu pks nilai indonesia situasi darurat keras seksual httpstcodisvlvw httpstcoauqjnpvs
859,halleluhellyeah klo ruu pks sah kyknya dipake yg model ginian
860,mana tempat kerja rumah ibadah kuliah potensi keras btw maaf nulisnya muter inti yuk sahkan ruu pks sahkanruupks haktp
861,pks desak hapus ruu hip prolegnas httpstcoexriecl
862,dorong perintah kesah ruu pks salah bantu upaya perempuan tegak adil perempuan korban keras seksual keras bas gender sahkanruupks httpstcopcctlrmok
863,demo ruu pks dpr puluh perempuan gelar ratus sepatu httpstcoedslacvh
864,alas kemarin skripsi nulis lindung hukum korban tindak pidana perkosa indonesia lemah lindung hukum korban perkosa sahkan ruu pks httpstcodvaiggycwu
865,ruu pks tp kalo polisi model ttp gin susah ya httpstcorcpkuaztl
866,pantungalimar pantesan ruu pks ga disahin rakyat bom kek gin aja dianggep lucu
867,era digital mudah kirim pesan bau seksual sebar foto intim izin hadap perempuan httpstcoasdseenotp
868,komnas perempuan tekan paham patriark akar republik lambat kesah rencana uu hapus keras seksual ruu pks salah faktor tingkat keras seksual kerap kali gagal selesai hukum
869,pake makeup hipnotis juang tara gender dukung ruu pks sah httpstcodirbqj
870,kaya gin ga ribu krn ya krn gapunya payung hukum yg kuat korban butuh ruu pks httpstcokdlvjnud
871,golkar singgung pks sindir gerindra ruu tahan keluarga nasional tempo httpstcozlfdksjtj
872,indonesia juang ham perempuan ruu pks perintah gerak tanggap ruu mari gerak dorong kesah ruu pks rebut ham kaum perempuan indonesia
873,mahakaeya anjir baca btw habis baca besok amnesty indonesia audiensi dpr ruu pks sah
874,dpr ratus sepatu kirim komas perempuan jadi instalasi seni kumparannews httpstcopwtohlz
875,sepatu wakil langkah sahkan ruu pks pamer gedung dpr the body shop indonesia dorong kesah ruu pks pajang pasang sepatu gedung dpr ri httpstcopdbougcnlg
876,desak dpr sahkan ruu pks httpstcocwuovjd ikut audiensi virtual pena gagas ketua baleg dpr kamis november jam wib daftar httpstcouaykqsqc httpstcoshcsndb
877,untuk ketua dprri puan maharani suara ruu pks sah korban keras seksual suratsurat tulis serta do the write thing ada amnesty international indonesia jakarta feminist pekan httpstcostfquyfhz
878,prioritas pantes bae ruu pks musnah prolegnas tegak hukum aja gin buat uu nya httpstcoibzgtdbzd
879,nursyahbani perkosa jahat manusia penuh syarat sistematik amp sebar harap gugah stakeholder urgensi ruu pks utk sah libat kelompok agama adat advokasi
880,aktivis perempuan tata sepatusepatu wanita aksi damai langkah sahkan rancang undangundang ruu hapus keras seksual pks gedung dpr jakarta rabu httpstcovalzlhsxa
881,ruu pks ga sah y httpstcoslykqwz
882,framing banyak media dukung sah ruu pks signifikan berita media putus ambil bijak httpstcoaiowrpur
883,jatuh timpa tangga pandemi perempuan korban keras tambah pola geser hukum warga lindung httpstcoxjjsyhtzjm
884,hendrik lewerissa sh llm anggota dpr ri fraksi gerindra tanggap kait hasil studi teliti kembang ruu pks dukung teliti dorong cepat bahas ruu pks
885,pasang sepatu jajar gedung dpr senayan jakarta pusat demo tuntut kesah ruu hapus keras seksual ruu pks rabu pagi tempometro httpstcodrmscusxv
886,dasar hasil studi kuantitatif tuju laku ruu pks dengar ruu pks edukasi sosialisasi ruu masyarakat luas
887,studi kuantitatif persepsi masyarakat rancang undangundang hapus keras seksual ruu pks laksana mei juli responden provinsi margin of error survei telepon multistage cluster sampling
888,tuju studi kualitatif kuantitatif hasil bukti baru hambat capai tara gender indonesia bukti baru bahan galang dukung publik ruu pks bukti baru kuat advokasi
889,dpd ri harap perintah dpr ri komitmen kesah ruu pks httpstcoessljnwcgs
890,aksi susun pasang sepatu bentuk simbol dukung dorong dpr ri kesah ruu pks tempofoto httpstcobcpkdrbo
891,ruu pks masuk prolegnas
892,aleg pks ruu tahan keluarga jalan konstitusi dukung maju bangsa fraksipksdprri berkhidmatuntukrakyat pksawasikabinet pkspeduli httpstcobewcakqbym
893,kampanye anti keras perempuan komnas perempuan sorot kesah ruu pks wujud penuh lindung hak perempuan korban keras seksual httpstcoxiottdwgh
894,demo ruu pks dpr puluh perempuan gelar ratus pasang sepatu httpstcozbygxdxrud
895,sahkan ruu pks httpstcoowdbcsmiu
896,ruu pks kunjung sah juni bahas ruu keluar program legislasi nasional prolegnas
897,ajak anggota dpr ri sisi bersamasama pihak korban kesah ruu pks
898,wawan harap ruu pks tahan prolegnas ajak anggota dpr milik hati nurani kesah
899,sepatusepatu pesan milik isi dukung ruu pks sah
900,gera upaya tuntut dpr kesah ruu hapus keras seksual ruu pks
901,ratus sepatu mejeng dpr aksi tuntut ruu pks sah httpstcoihgkdecu
902,vanantara communication dorong komisi viii dpr ri sahkan ruu pks httpstcoveovohzbh
903,udah enam merhatiin days ginigini aja ruu pks sah victim blaming laku dilindungin circlenya paksa selesai keluarga nolak ruu pks alas ga masuk akal
904,presidenetizen klo ruu pks dipake senjata lonte
905,ratus pasang sepatu jejer gedung dpr ri rabu pagi kumparannews httpstcojsckcaccnn
906,aksi diam giat komnas perempuan demo sahkan ruu pks aksi diam giat komnas perempuan demo sahkan ruu pks aksi susun sepatu simbol peduli lindung stop sexual violence httpstcokrrzdsqqc
907,iambobandbear wkwk kayak teriak sahkan ruu pks sexualize orang medsos ya kak iyaa sbnernya rada waswas pas jae bilang married to my fans nya mah aja bawa lucu ya kali jae wkwkk yaa gitu ya kak aja yg take it too far
908,poin proses tangan korban jabar ruu pks keras seksual korban tanggung konsekuensi berat httpstcojiuxka siti parhani kini sahkanruupks
909,zarazettirazr fahiraidris kyk ruu pks
910,nolak ruu bpip pks pan golkar amp pkb httpstcogfnazs
911,sosial miskin anggur didik yg cipta situasi mana perempuan rentan alami keras yg negara sesuai amanat uud warga jamin selamat salah satu segara kesah ruu pks
912,fraksi tolak lanjut ruu tahan keluarga ruu usul inisiatif dpr pdip golkar pkb demokrat nasdem httpstcoqojpnnxvk
913,thank heavens this didnt pass so ya gon na put gays in space u sure kalo suami selingkoo trus istri marah keluarga hancur disalahin istri why are u ngurusin fetish consented ga urus ruu pks yg unconsented httpstcotugcvvbei httpstcoyhpdahrdf
914,zodiaknyaaries halo kak ruu pks sah mari bersamasama desak ketua dpr ri puan maharani ruu pks masuk daftar prolegnas prioritas amp sah suara desa httpstcoetuwjlid lupa disebarluaskan dukung ruu pks ya kak
915,hukum brengsek si sebar gak harap harap ngelindungin tetep ngejudge at least stop nyebarin bikin si korban jatoh koar koar ruu pks kek gin ikut
916,news sukses ruu sejahtera lansia aleg pks laku diskusi khusus tokoh lansia mantan urus lli depok httpstcobtkptwsj depok news
917,aleg pks ruu tahan keluarga jalan konstitusi dukung maju bangsa httpstcoblvoscjvo fpksdprri muzzammilyusuf
